id,modified,bill_id,status,policy,House,Senate,Overall
122780,2022-12-12 11:59:30.222092+00:00,hr5376-117,ENACTED:SIGNED,Economics and public finance,0.765321790623212,0.406320252445242,0.7280331098900616
90721,2022-12-12 11:49:52.718870+00:00,hr820-117,PASS_OVER:HOUSE,Public lands and natural resources,0.7253347801958582,0.9033625807414121,0.8481717772091408
122373,2022-12-12 11:45:57.951255+00:00,hr6364-117,PASS_OVER:HOUSE,Public lands and natural resources,0.7588465562620744,0.952502786154001,0.8722986960541373
126497,2022-12-12 11:40:32.826714+00:00,hr7321-117,PASS_OVER:HOUSE,Transportation and public works,0.7538602484987554,0.8776437670068507,0.8585766893004053
126490,2022-12-12 11:30:10.044450+00:00,s3903-117,PASS_OVER:SENATE,Immigration,0.5916909479389802,0.882937280032138,0.7782860659743108
126487,2022-12-12 11:24:57.324215+00:00,hr7535-117,PASS_BACK:SENATE,"Science, technology, communications",0.7497232454099837,0.9549838261832984,0.8681091966324865
124450,2022-12-12 11:21:59.806853+00:00,s3969-117,ENACTED:SIGNED,Government operations and politics,0.6244015508925587,0.9933341050494569,0.8112008912036979
126188,2022-12-12 11:16:01.830598+00:00,s3895-117,ENACTED:SIGNED,International affairs,0.5747637702676258,0.9739567815436796,0.7834754023653648
125419,2022-12-12 11:14:30.598095+00:00,s4900-117,ENACTED:SIGNED,Commerce,0.6066982696098693,0.9923565818136135,0.8022026220769767
119451,2022-12-12 11:11:20.472488+00:00,s3373-117,ENACTED:SIGNED,Armed forces and national security,0.6241905876130128,0.9921098195206297,0.8109117667346009
126484,2022-12-12 11:07:28.175888+00:00,s2834-117,PASS_OVER:SENATE,Health,0.620489144175701,0.9916320914663133,0.8089893858077974
119723,2022-12-12 11:04:54.599115+00:00,s3103-117,ENACTED:SIGNED,Crime and law enforcement,0.6249348279162846,0.9934221601441482,0.8114807379797646
125929,2022-12-12 10:54:24.179464+00:00,s3846-117,PASS_BACK:HOUSE,Crime and law enforcement,0.5832778464965392,0.9772217404289454,0.7882221843126114
125926,2022-12-12 10:48:12.564285+00:00,s4524-117,ENACTED:SIGNED,Law,0.6079322705509997,0.5992445353832808,0.743852815582992
126480,2022-12-12 10:45:43.418695+00:00,s4216-117,PASS_OVER:SENATE,International affairs,0.5754588365904724,0.9727230795749138,0.7836378802314732
88243,2022-12-12 10:34:55.921018+00:00,s314-117,PASS_OVER:SENATE,Native Americans,0.6164945962483944,0.9926952776272004,0.8071515897682773
120878,2022-12-12 10:26:04.684391+00:00,s2333-117,PASS_OVER:SENATE,Sports and recreation,0.6091837139879485,0.9929954925342346,0.8035411808741094
91313,2022-12-12 10:13:57.740354+00:00,hr2467-117,PASS_OVER:HOUSE,Environmental protection,0.747841004917672,0.41953162201085403,0.7305223811680619
125967,2022-12-08 13:37:39.067290+00:00,s4171-117,PASS_OVER:SENATE,Crime and law enforcement,0.6254964530981449,0.9935358838453785,0.8117786091258792
119341,2022-12-08 12:53:02.501493+00:00,hr3967-117,PASS_BACK:SENATE,Armed forces and national security,0.7390837748074359,0.33491240789753324,0.6542174341166211
125664,2022-12-08 12:45:17.039632+00:00,hr8454-117,ENACTED:SIGNED,Crime and law enforcement,0.7531280228334356,0.9550974185863794,0.8698286242046747
121589,2022-12-08 12:28:27.396668+00:00,hr3372-117,PASS_OVER:HOUSE,Crime and law enforcement,0.751953794161882,0.9496886297982461,0.8684301915506779
88865,2022-12-08 12:19:08.448498+00:00,hr2521-117,PASS_OVER:HOUSE,Armed forces and national security,0.7519918080256415,0.9449543108638145,0.867739050642393
126419,2022-12-08 12:03:30.969141+00:00,hconres98-117,PASS_OVER:HOUSE,Congress,0.5855283862380816,0.031227926243334536,0.31930793042587513
125794,2022-12-08 11:46:04.446871+00:00,s3884-117,ENACTED:SIGNED,Government operations and politics,0.6249573512509181,0.9928512187458995,0.811406358437344
125792,2022-12-08 11:43:41.776054+00:00,s3826-117,ENACTED:SIGNED,Government operations and politics,0.5843034884690443,0.9822571367615724,0.789490314748758
125924,2022-12-08 11:41:52.929310+00:00,s3825-117,PASS_OVER:SENATE,Government operations and politics,0.5843034884690443,0.9822571367615724,0.789490314748758
125861,2022-12-08 10:54:13.005800+00:00,hr8876-117,PASS_OVER:HOUSE,Health,0.7237696762531018,0.17844555155536182,0.5135635569486084
89106,2022-12-08 09:16:05.786203+00:00,hr1218-117,PASS_OVER:HOUSE,Health,0.7501687633176675,0.941395409071091,0.8662936930194973
120957,2022-12-08 09:10:39.486344+00:00,s2159-117,ENACTED:SIGNED,Armed forces and national security,0.5836972201689353,0.9789771842415183,0.7886951877206954
125791,2022-12-08 09:08:56.621927+00:00,s1941-117,ENACTED:SIGNED,Government operations and politics,0.6247718967057364,0.9930116021223125,0.8113376886712151
125795,2022-12-08 09:07:09.591990+00:00,s3510-117,ENACTED:SIGNED,Emergency management,0.6150715422178524,0.9928965978934765,0.8064702607929477
119476,2022-12-08 09:05:25.656590+00:00,s3655-117,ENACTED:SIGNED,"Civil rights and liberties, minority issues",0.6344058236614746,0.9070474173543277,0.8032600244338864
121702,2022-12-08 08:56:19.095122+00:00,hr3544-117,PASS_OVER:HOUSE,Government operations and politics,0.7530146082623168,0.952590306245765,0.8693958500680232
126234,2022-12-08 08:22:53.262722+00:00,hr7181-117,PASS_OVER:HOUSE,Transportation and public works,0.7549131159139663,0.9272391519629044,0.8665424307514188
88888,2022-12-08 07:56:43.761453+00:00,hr2662-117,PASS_OVER:HOUSE,Government operations and politics,0.7520273071210513,0.9542027228838597,0.8691440619931046
126213,2022-12-08 07:49:55.290709+00:00,hr5455-117,PASS_OVER:HOUSE,Crime and law enforcement,0.7537200451589099,0.95494867591595,0.8701023239668475
120555,2022-12-08 07:41:29.647423+00:00,hr6528-117,PASS_OVER:HOUSE,Housing and community development,0.7633437116370962,0.943420296092067,0.8731849002323582
125849,2022-12-08 07:31:44.048209+00:00,hr6878-117,PASS_OVER:HOUSE,Crime and law enforcement,0.7495469145306074,0.8369198891559247,0.8503114406386925
126193,2022-12-08 07:25:43.706998+00:00,hr7846-117,ENACTED:SIGNED,Armed forces and national security,0.7524231494793852,0.9457605221828471,0.8680756530671196
90274,2022-12-08 07:23:55.674194+00:00,hr1766-117,ENACTED:SIGNED,Commerce,0.7382656364890753,0.9535002429277291,0.862157854683697
126192,2022-12-08 07:22:00.841269+00:00,hr7500-117,ENACTED:SIGNED,Armed forces and national security,0.7526003774729132,0.945775253923747,0.8681664768250186
89217,2022-12-08 07:19:17.683659+00:00,hr468-117,ENACTED:SIGNED,Transportation and public works,0.7234347674820665,0.8758368017138414,0.8430929039981094
119606,2022-12-08 07:16:59.871372+00:00,hr4693-117,ENACTED:SIGNED,International affairs,0.6977815101796372,0.3093287997118957,0.61182023484493
119846,2022-12-08 07:14:53.691522+00:00,hr4877-117,ENACTED:SIGNED,Commerce,0.7374028822120533,0.9562343503271189,0.8621365936550944
126190,2022-12-08 07:11:30.854567+00:00,hr8982-117,ENACTED:SIGNED,Foreign trade and international finance,0.7448372664915364,0.8656144810394757,0.8522608054016896
126189,2022-12-08 07:08:31.852797+00:00,hr5641-117,ENACTED:SIGNED,Emergency management,0.7102087379991829,0.9069160159604904,0.8411417713936651
119868,2022-12-08 06:55:53.961730+00:00,hr5754-117,ENACTED:SIGNED,Armed forces and national security,0.699234691131361,0.2619121677170911,0.572242688125208
124438,2022-12-08 06:51:19.811234+00:00,hr6899-117,ENACTED:SIGNED,International affairs,0.7102353748419998,0.8578156918391191,0.8337900411968677
123507,2022-12-08 06:49:10.041267+00:00,hr6943-117,ENACTED:SIGNED,Crime and law enforcement,0.7475520629736437,0.7158974830101035,0.8311606539383374
125656,2022-12-08 06:47:00.665541+00:00,hr7132-117,ENACTED:SIGNED,"Science, technology, communications",0.7490027837244642,0.9560512419318907,0.8679090781520157
121174,2022-12-08 06:44:57.304395+00:00,hr5313-117,ENACTED:SIGNED,Commerce,0.734928474143057,0.87640569315781,0.8489250910452
121970,2022-12-08 06:42:09.569063+00:00,hr2992-117,ENACTED:SIGNED,Health,0.7491678872331876,0.9454259463689516,0.8663978355719366
126175,2022-12-08 06:35:54.549528+00:00,hr7352-117,ENACTED:SIGNED,Commerce,0.7382380654366735,0.9535002429277291,0.8621440691574961
126174,2022-12-08 06:33:12.562408+00:00,hr7334-117,ENACTED:SIGNED,Commerce,0.7033302095063465,0.9014921531624234,0.8368889277275368
126122,2022-12-07 05:28:24.660151+00:00,s1687-117,PASS_OVER:SENATE,Commerce,0.5644323499612042,0.9843538848977313,0.7798692577152617
88735,2022-12-07 05:27:04.071345+00:00,s198-117,PASS_OVER:SENATE,Health,0.6196008293690987,0.9922082050834189,0.8086316454470621
126061,2022-12-07 05:10:25.033635+00:00,s3499-117,PASS_OVER:SENATE,Emergency management,0.6150715422178524,0.9928885824467444,0.8064690584759379
125436,2022-12-05 07:47:01.874298+00:00,hconres82-117,PASS_OVER:HOUSE,Congress,0.5850673796028582,0.032618337449051224,0.3202592766331226
122964,2022-12-05 07:45:16.894980+00:00,hr6353-117,PASS_OVER:HOUSE,Public lands and natural resources,0.7583932470551179,0.9544511893377392,0.8723643019282199
125940,2022-12-05 07:23:09.539752+00:00,hjres100-117,ENACTED:SIGNED,Labor and employment,0.5856512002066605,0.07039597347277937,0.3526621775551927
125927,2022-12-05 07:00:24.844610+00:00,s4337-117,PASS_OVER:SENATE,Armed forces and national security,0.583312423324041,0.9787255107278194,0.7884650382711934
125888,2022-12-05 06:11:59.918224+00:00,s1466-117,PASS_OVER:SENATE,Environmental protection,0.6271376953330546,0.49074229442460193,0.730699797927439
119858,2022-12-05 05:42:54.289240+00:00,hr4785-117,PASS_OVER:HOUSE,International affairs,0.7008142921628406,0.39266564600721005,0.6841729451875489
119486,2022-12-01 17:41:57.701203+00:00,hr3684-117,ENACTED:SIGNED,Transportation and public works,0.756457739375428,0.9420416757126207,0.8695351210446072
120438,2022-12-01 17:30:37.150104+00:00,hr4476-117,PASS_OVER:HOUSE,Foreign trade and international finance,0.7139295621347045,0.878791926111905,0.8387835699841379
125801,2022-12-01 17:05:12.461906+00:00,s7-117,PASS_OVER:SENATE,Crime and law enforcement,0.6266249908595346,0.9926985087128877,0.8122172717367004
121143,2022-12-01 16:42:19.707688+00:00,s3451-117,ENACTED:SIGNED,Environmental protection,0.5869478535859168,0.47572173566987314,0.6978374021123506
119857,2022-12-01 14:51:23.654885+00:00,hr4209-117,PASS_OVER:HOUSE,Immigration,0.7251726733748518,0.7252868468585815,0.8213793637162131
120218,2022-12-01 10:36:36.777805+00:00,s1787-117,PASS_OVER:SENATE,Law,0.568190983601383,0.539768248937622,0.7150607291413348
120659,2022-12-01 09:53:56.482057+00:00,hr3173-117,PASS_OVER:HOUSE,Health,0.7006136279918882,0.12741637990147095,0.4586107369121944
125577,2022-12-01 09:49:28.185999+00:00,hr4555-117,PASS_OVER:HOUSE,Health,0.7505674398178162,0.9367739210203587,0.8657998080619619
89282,2022-12-01 09:38:03.381001+00:00,hr2142-117,ENACTED:SIGNED,Government operations and politics,0.7496959207832197,0.9167842093822156,0.8623655917989421
89267,2022-12-01 09:33:05.354334+00:00,hr256-117,PASS_OVER:HOUSE,International affairs,0.7296462281307424,0.2606931236175427,0.5864122691402825
125516,2022-12-01 08:53:48.422586+00:00,hr8446-117,PASS_OVER:HOUSE,International affairs,0.7414143433917124,0.7350501609847466,0.8309646958435681
125515,2022-12-01 08:52:17.449244+00:00,hr8463-117,PASS_OVER:HOUSE,International affairs,0.7449349163699974,0.9327612705459283,0.8623816487668879
125504,2022-12-01 08:28:35.786570+00:00,s3906-117,PASS_OVER:SENATE,Commerce,0.606109519769267,0.9930959122272185,0.8020191467187163
121401,2022-12-01 08:26:19.301385+00:00,hr3508-117,ENACTED:SIGNED,Government operations and politics,0.7156019793748079,0.8297800889814062,0.8322680030346148
123400,2022-12-01 08:17:22.521951+00:00,hr5809-117,ENACTED:SIGNED,Government operations and politics,0.7117393263665044,0.49930132786748443,0.780275791870614
120569,2022-12-01 08:15:09.389671+00:00,hr3539-117,ENACTED:SIGNED,Government operations and politics,0.7533933128756798,0.9500694171893795,0.8692070690162468
123163,2022-12-01 08:08:18.826947+00:00,hr3531-117,PASS_OVER:HOUSE,Public lands and natural resources,0.7572413366898525,0.9553816371652577,0.8719279139197149
120305,2022-12-01 06:59:43.885967+00:00,s3580-117,ENACTED:SIGNED,Transportation and public works,0.623936539894576,0.8945281015436963,0.7961474851788424
90237,2022-10-15 14:07:15.290596+00:00,hr1002-117,ENACTED:SIGNED,Crime and law enforcement,0.7208217453261774,0.8982362362742412,0.8451463081042249
91605,2022-10-15 14:01:23.079634+00:00,hjres27-117,ENACTED:SIGNED,Government operations and politics,0.5717130827549073,0.1970896192575637,0.4533827177463828
87383,2022-10-15 13:57:56.743284+00:00,hres331-117,FAIL:ORIGINATING:HOUSE,Congress,0.13209311016976383,0.12770665810434823,0.1745972144735779
120122,2022-10-07 13:20:03.291958+00:00,hr4118-117,PASS_OVER:HOUSE,Crime and law enforcement,0.7411734733893023,0.36811343707471916,0.6834831582081624
124436,2022-10-07 13:17:57.138222+00:00,hr5577-117,ENACTED:SIGNED,Government operations and politics,0.6956143814371729,0.11981769641404724,0.4496522326705266
88310,2022-10-07 13:16:09.418422+00:00,s1198-117,PASS_OVER:SENATE,Armed forces and national security,0.6234584218977716,0.9922331145036369,0.8105641781244313
121872,2022-08-18 10:37:23.743032+00:00,hr5118-117,PASS_OVER:HOUSE,Public lands and natural resources,0.7586355457036875,0.9532801963759792,0.8723098023082406
123479,2022-08-18 10:07:31.626110+00:00,hr8656-117,PASS_OVER:HOUSE,Armed forces and national security,0.6981868048343934,0.2621334253696753,0.5719068139814207
122351,2022-08-18 10:01:30.644345+00:00,hr5679-117,PASS_OVER:HOUSE,Government operations and politics,0.7534479531657019,0.9500694171893795,0.869234389161258
119509,2022-03-16 10:39:24.220872+00:00,hr6617-117,ENACTED:SIGNED,Economics and public finance,0.765313043496452,0.406320252445242,0.7280287363266817
123403,2022-03-14 03:32:14.104558+00:00,hr3146-117,PASS_OVER:HOUSE,Government operations and politics,0.7193930685400624,0.8980300934148809,0.8444010482822633
123401,2022-03-14 03:30:39.411445+00:00,hr4352-117,PASS_OVER:HOUSE,Native Americans,0.745579913795058,0.9509954232743676,0.8654392703886842
119285,2022-03-14 03:13:30.486771+00:00,hr2989-117,PASS_OVER:HOUSE,Finance and financial sector,0.7573006860065419,0.9064572674858398,0.8646189331261469
120246,2022-03-14 03:05:33.792715+00:00,hr3985-117,PASS_OVER:HOUSE,Immigration,0.7373313764386026,0.25196718343363245,0.5828377941378888
89970,2022-03-14 02:54:47.933341+00:00,hr767-117,PASS_OVER:HOUSE,Government operations and politics,0.7497111074864865,0.9167842093822156,0.8623731851505756
90452,2022-03-14 02:32:29.590030+00:00,hr241-117,PASS_OVER:HOUSE,International affairs,0.711614009034723,0.8631307744651535,0.8352766206871345
89342,2022-03-14 01:57:48.659978+00:00,hr1280-117,PASS_OVER:HOUSE,Crime and law enforcement,0.7251343077544621,0.17179502134197966,0.5085929220179137
119284,2022-03-14 01:33:47.808708+00:00,hr5142-117,ENACTED:SIGNED,Armed forces and national security,0.6621709860268967,0.1239016119628528,0.43640186318187324
91575,2022-03-14 01:17:24.986270+00:00,hr447-117,PASS_OVER:HOUSE,Labor and employment,0.7498871130752643,0.21438575958102682,0.557171452181505
123219,2022-03-14 01:05:33.710593+00:00,hr2877-117,PASS_OVER:HOUSE,Health,0.716318873043255,0.8695262067068639,0.8385883675276571
88900,2022-03-14 00:43:37.093395+00:00,hr1298-117,PASS_OVER:HOUSE,Government operations and politics,0.7187813059084402,0.9033061681544843,0.8448865781773928
123179,2022-03-14 00:35:51.505275+00:00,hr4682-117,PASS_OVER:HOUSE,Transportation and public works,0.7233063863638232,0.8760583023492562,0.8430619385343
123131,2022-03-14 00:01:05.874828+00:00,hr5603-117,PASS_OVER:HOUSE,Armed forces and national security,0.7529827734123713,0.9450505141540158,0.8682489638292881
123116,2022-03-13 23:49:23.602382+00:00,hr5652-117,PASS_OVER:HOUSE,Government operations and politics,0.7186239226878584,0.9043628662933788,0.8449663912879359
123113,2022-03-13 23:46:37.839313+00:00,hr4481-117,PASS_OVER:HOUSE,Commerce,0.7380365901846362,0.9548586841987692,0.8622470977221335
91439,2022-03-13 23:36:49.359036+00:00,hr897-117,PASS_OVER:HOUSE,Native Americans,0.7459990836045376,0.9505360861792873,0.8655799547291618
123102,2022-03-13 23:34:20.757496+00:00,hr4686-117,PASS_OVER:HOUSE,International affairs,0.7112834554439346,0.8642133930118955,0.8352737366737516
123092,2022-03-13 23:27:04.199841+00:00,hr4045-117,PASS_OVER:HOUSE,"Science, technology, communications",0.7491950118516998,0.9559325393635185,0.8679873868303777
90675,2022-03-13 23:20:04.213763+00:00,hr2088-117,PASS_OVER:HOUSE,Native Americans,0.7122620376826199,0.8901281855874986,0.8396502466794347
123070,2022-03-13 23:13:41.093035+00:00,hr5119-117,PASS_OVER:HOUSE,Native Americans,0.7453740747732791,0.9505800033937775,0.8652740378957062
88893,2022-03-13 22:53:17.857206+00:00,hr2668-117,PASS_OVER:HOUSE,Commerce,0.7332256136780649,0.752957235441233,0.8295563921552174
88988,2022-03-13 22:47:50.844526+00:00,hr2441-117,ENACTED:SIGNED,Armed forces and national security,0.7478773535977085,0.762507684935126,0.8383148295391232
119270,2022-03-13 22:42:16.336926+00:00,hr3635-117,PASS_OVER:HOUSE,Health,0.7486563417297963,0.9453015109831622,0.8661233975123726
119264,2022-03-13 22:40:41.536427+00:00,hr3175-117,PASS_OVER:HOUSE,Government operations and politics,0.7189947660428588,0.9019191756731173,0.844785259372397
123015,2022-03-13 22:32:10.783285+00:00,hr3992-117,PASS_OVER:HOUSE,Labor and employment,0.7545332520968612,0.292072130736471,0.6255279371744309
122991,2022-03-13 22:16:14.892663+00:00,hr4591-117,PASS_OVER:HOUSE,Armed forces and national security,0.7514777879580783,0.9418124344901189,0.867010759152557
122928,2022-03-13 21:25:58.272801+00:00,hr5609-117,PASS_OVER:HOUSE,Agriculture and food,0.7268404051155892,0.804997596345169,0.83416984200957
122888,2022-03-13 20:55:02.217291+00:00,hr3894-117,PASS_OVER:HOUSE,Health,0.7505813916458767,0.9367739210203587,0.8658067839759922
122884,2022-03-13 20:52:18.302039+00:00,hr3743-117,PASS_OVER:HOUSE,Health,0.7166423439322942,0.8594281449997316,0.8372353937161068
119265,2022-03-13 20:49:33.863383+00:00,hr4032-117,PASS_OVER:HOUSE,"Science, technology, communications",0.7491888673344123,0.9559325393635185,0.8679843145717339
89751,2022-03-13 20:34:01.063970+00:00,hr6-117,PASS_OVER:HOUSE,Immigration,0.7326958404067023,0.1867004468597731,0.5250433000341583
90088,2022-03-13 19:58:46.527739+00:00,hr1155-117,PASS_OVER:HOUSE,International affairs,0.7317216530021053,0.28711802170218265,0.609911144947908
121365,2022-03-13 19:47:06.517932+00:00,hr4350-117,PASS_OVER:HOUSE,Armed forces and national security,0.7527628312404618,0.9454249411600255,0.8681951567942348
122774,2022-03-13 19:28:15.956974+00:00,hr5561-117,PASS_OVER:HOUSE,Health,0.7164738164125879,0.8648934476572241,0.8379709253548775
122709,2022-03-13 18:44:45.407645+00:00,hr3642-117,ENACTED:SIGNED,Armed forces and national security,0.7035657989621354,0.13093833105328467,0.46308048087635967
120386,2022-03-13 18:38:41.290411+00:00,hr4-117,PASS_OVER:HOUSE,Government operations and politics,0.7234728990252747,0.15946559494136495,0.49728220521279753
119495,2022-03-13 18:32:43.424167+00:00,hr6119-117,ENACTED:SIGNED,Economics and public finance,0.765313043496452,0.406320252445242,0.7280287363266817
89025,2022-03-13 18:27:37.618034+00:00,hr2225-117,PASS_OVER:HOUSE,"Science, technology, communications",0.7439774870638286,0.6745905828201514,0.8231773309549371
119268,2022-03-13 18:24:52.122408+00:00,hr4028-117,PASS_OVER:HOUSE,Commerce,0.703097541996462,0.9056550433292012,0.8373970274976112
90603,2022-03-13 18:15:41.386367+00:00,hr1029-117,PASS_OVER:HOUSE,Public lands and natural resources,0.722038799798978,0.8753607147492672,0.8423235071118791
122642,2022-03-13 17:49:05.463298+00:00,hr3119-117,PASS_OVER:HOUSE,Energy,0.7457067898410996,0.885791708844716,0.8557221512472573
122641,2022-03-13 17:47:30.811182+00:00,hr5671-117,PASS_OVER:HOUSE,Armed forces and national security,0.752947955195817,0.9450505141540158,0.8682315547210109
91147,2022-03-13 17:03:40.612596+00:00,hr2220-117,PASS_OVER:HOUSE,Government operations and politics,0.7191470607321516,0.9001731903794599,0.8445995089229947
89428,2022-03-13 17:02:34.249047+00:00,hr1870-117,PASS_OVER:HOUSE,Transportation and public works,0.7568990983332676,0.942653095206172,0.8698475134475596
121225,2022-03-13 16:53:45.085314+00:00,hr4515-117,PASS_OVER:HOUSE,Commerce,0.7027451547642761,0.9091338454101507,0.8377426541936607
122570,2022-03-13 16:46:10.612322+00:00,hr2915-117,PASS_OVER:HOUSE,Government operations and politics,0.7521623033864537,0.9544081282950565,0.8692423709374854
89043,2022-03-13 15:56:21.013594+00:00,hr1693-117,PASS_OVER:HOUSE,Crime and law enforcement,0.7463933389400209,0.547922006981361,0.8053849705172146
122493,2022-03-13 15:44:42.170976+00:00,hr4089-117,PASS_OVER:HOUSE,Crime and law enforcement,0.7545006538691077,0.9523653559815946,0.870105130331793
120229,2022-03-13 15:39:24.925175+00:00,hr5545-117,ENACTED:SIGNED,Armed forces and national security,0.7506151840685167,0.9259397764296131,0.8641985584987003
122456,2022-03-13 15:14:38.228724+00:00,hr4626-117,PASS_OVER:HOUSE,Armed forces and national security,0.7189270613555514,0.8835487021374069,0.8419958359983868
122418,2022-03-13 14:46:15.740514+00:00,hr5293-117,ENACTED:SIGNED,Armed forces and national security,0.7529827734123713,0.9450505141540158,0.8682489638292881
90266,2022-03-13 14:16:44.745415+00:00,hr2093-117,ENACTED:SIGNED,Armed forces and national security,0.7526721054549428,0.9456644716910108,0.868185723481123
122350,2022-03-13 13:56:47.213989+00:00,hr2931-117,PASS_OVER:HOUSE,Energy,0.7454517449767475,0.8866597520425678,0.8557248352947588
119518,2022-03-13 13:46:59.834729+00:00,hr4256-117,PASS_OVER:HOUSE,Commerce,0.7385969634195186,0.9503145989167507,0.861845671547272
89091,2022-03-13 13:39:14.426140+00:00,hr5-117,PASS_OVER:HOUSE,"Civil rights and liberties, minority issues",0.7352815858416196,0.1480126184684124,0.49345151861896036
91054,2022-03-13 13:16:57.530249+00:00,hr1836-117,PASS_OVER:HOUSE,Armed forces and national security,0.7517418188441213,0.9437220123959842,0.8674292112814583
122304,2022-03-13 13:13:42.509688+00:00,hr3125-117,PASS_OVER:HOUSE,Government operations and politics,0.7527851685168293,0.9531615427463309,0.8693668156703642
89373,2022-03-13 12:51:12.290501+00:00,hr2485-117,PASS_OVER:HOUSE,Congress,0.7736568212797448,0.3759820024800863,0.7064131127479457
122269,2022-03-13 12:44:42.015724+00:00,hr3475-117,ENACTED:SIGNED,Armed forces and national security,0.7509742495731421,0.9390354161015011,0.8663424372017963
122239,2022-03-13 12:20:55.477268+00:00,hr3599-117,PASS_OVER:HOUSE,"Science, technology, communications",0.7497983107515025,0.953798142721707,0.8679688767840072
120021,2022-03-13 12:14:30.583046+00:00,hr5681-117,PASS_OVER:HOUSE,Immigration,0.7252067980380719,0.7264233258395905,0.8215668978949745
120424,2022-03-13 12:13:03.659026+00:00,hr3469-117,PASS_OVER:HOUSE,Commerce,0.7383877812317365,0.9526115555325552,0.8620856239457515
122210,2022-03-13 11:54:11.771458+00:00,hr5290-117,PASS_OVER:HOUSE,Agriculture and food,0.7652896314420754,0.9418725074385761,0.8739256918368241
119267,2022-03-13 11:30:04.349158+00:00,hr3919-117,ENACTED:SIGNED,"Science, technology, communications",0.7126556557406376,0.8684967207985712,0.8366023359901045
90580,2022-03-13 11:16:06.752957+00:00,hr1664-117,ENACTED:SIGNED,Armed forces and national security,0.7506632271415049,0.929521695973399,0.8647598679667623
119493,2022-03-13 11:14:17.161078+00:00,hr3237-117,ENACTED:SIGNED,Congress,0.7774312796752187,0.37352396230851775,0.7062110077998495
122166,2022-03-13 11:11:58.018611+00:00,hr2911-117,ENACTED:SIGNED,Armed forces and national security,0.7182047831438899,0.8830822141714888,0.8415647236976682
119262,2022-03-13 10:42:47.994785+00:00,hr3210-117,ENACTED:SIGNED,Government operations and politics,0.7525229570876482,0.953966663282408,0.8693564780361853
122116,2022-03-13 10:33:49.791714+00:00,hr5982-117,PASS_OVER:HOUSE,"Science, technology, communications",0.7162073835694623,0.8995485641162511,0.8430359764021689
90864,2022-03-13 10:23:18.055924+00:00,hr1619-117,PASS_OVER:HOUSE,Native Americans,0.7459617375302111,0.9505360861792873,0.8655612816919986
122064,2022-03-13 09:53:27.451457+00:00,hr3613-117,PASS_OVER:HOUSE,Government operations and politics,0.7174687909246417,0.9019709595958483,0.8440300394016981
122063,2022-03-13 09:52:20.336414+00:00,hr3730-117,PASS_OVER:HOUSE,Armed forces and national security,0.7505956142443085,0.9342278785384364,0.8654319889029197
119491,2022-03-13 09:44:09.187447+00:00,hr6256-117,ENACTED:SIGNED,International affairs,0.7465654948792466,0.9314702014937621,0.8630032776636876
91026,2022-03-13 09:36:03.081436+00:00,hr1460-117,PASS_OVER:HOUSE,Commerce,0.7386152340832054,0.9503145989167507,0.8618548068791153
121125,2022-03-13 09:34:08.721363+00:00,hr3110-117,PASS_OVER:HOUSE,Labor and employment,0.7627078219775549,0.37845152580568503,0.7030377079236098
91249,2022-03-13 09:29:29.297262+00:00,hr49-117,ENACTED:SIGNED,"Arts, culture, religion",0.750953784954466,0.9404393716095978,0.8665427982186726
119516,2022-03-13 09:08:52.505054+00:00,hr4881-117,PASS_OVER:HOUSE,Native Americans,0.7454221236468117,0.9513081813137512,0.8654072890204685
120245,2022-03-13 09:00:10.346176+00:00,hr5665-117,PASS_OVER:HOUSE,International affairs,0.7399359947056181,0.492680330138554,0.78874627797058
121997,2022-03-13 08:58:29.220242+00:00,hr3579-117,PASS_OVER:HOUSE,Government operations and politics,0.7169772741809572,0.8932100518275417,0.8424701448646099
88801,2022-03-13 08:44:39.657196+00:00,hr2429-117,PASS_OVER:HOUSE,Armed forces and national security,0.7526830350155717,0.9456644716910108,0.8681911882614375
120352,2022-03-13 08:36:51.703513+00:00,hr3325-117,ENACTED:SIGNED,Congress,0.7773865923046118,0.37352396230851775,0.7061886641145461
121969,2022-03-13 08:35:18.031634+00:00,hr5323-117,PASS_OVER:HOUSE,Armed forces and national security,0.752943721735569,0.9450505141540158,0.8682294379908868
121963,2022-03-13 08:29:46.874641+00:00,hr5574-117,PASS_OVER:HOUSE,Transportation and public works,0.756986290848722,0.9425759353062944,0.8698795357203052
119269,2022-03-13 08:00:28.794302+00:00,hr4369-117,PASS_OVER:HOUSE,Health,0.7506915620531217,0.9346644975550762,0.8655454556598223
121909,2022-03-13 07:47:08.826652+00:00,hr5677-117,PASS_OVER:HOUSE,Government operations and politics,0.7534502905222287,0.9500694171893795,0.8692355578395212
121854,2022-03-13 06:51:07.346646+00:00,hr3193-117,PASS_OVER:HOUSE,"Science, technology, communications",0.713987901376064,0.9070983908487783,0.8430587093153488
90228,2022-03-13 06:40:17.582589+00:00,hr26-117,ENACTED:SIGNED,Government operations and politics,0.7194110086009199,0.8980300934148809,0.8444100183126921
121837,2022-03-13 06:29:17.066580+00:00,hr3537-117,ENACTED:SIGNED,Health,0.6994300383610764,0.12472417989107383,0.455730572087951
121821,2022-03-13 06:10:10.343823+00:00,hr5516-117,PASS_OVER:HOUSE,Armed forces and national security,0.7526038841604297,0.945775253923747,0.8681682301687769
119708,2022-03-13 05:46:03.157164+00:00,hr4445-117,ENACTED:SIGNED,Law,0.7385126574921187,0.49555480180648015,0.7904779102815674
89292,2022-03-13 05:21:04.702374+00:00,hr1065-117,PASS_OVER:HOUSE,Labor and employment,0.7268194185297249,0.0852194160264957,0.4358462128873838
89500,2022-03-13 05:15:46.480137+00:00,hr2355-117,PASS_OVER:HOUSE,Health,0.7154652382762949,0.8834820867124259,0.8402549321450113
119761,2022-03-13 05:12:11.291306+00:00,hr4521-117,PASS_OVER:HOUSE,"Science, technology, communications",0.7365108409825373,0.34706032537881515,0.6632566970632615
90081,2022-03-13 05:04:29.803247+00:00,hr1215-117,PASS_OVER:HOUSE,Commerce,0.7362338167610502,0.9505149965724031,0.8606941578663856
89466,2022-03-13 04:09:39.763550+00:00,hr2433-117,PASS_OVER:HOUSE,Armed forces and national security,0.7523472436849485,0.9457605221828471,0.8680377001699013
91013,2022-03-13 04:05:42.617708+00:00,hr1620-117,PASS_OVER:HOUSE,Crime and law enforcement,0.7272670217283622,0.17903049163472232,0.5158094287536951
90462,2022-03-13 03:42:21.886943+00:00,hr239-117,PASS_OVER:HOUSE,Armed forces and national security,0.7421838038181894,0.4207451252078356,0.7287252583357549
90534,2022-03-13 03:33:49.252312+00:00,hr2365-117,PASS_OVER:HOUSE,Armed forces and national security,0.7526770836085704,0.9456644716910108,0.8681882125579368
91105,2022-03-13 03:04:42.584434+00:00,hr2379-117,PASS_OVER:HOUSE,Health,0.7497995520151817,0.9441796264359628,0.8665267199729852
89379,2022-03-13 02:33:44.411657+00:00,hr2278-117,ENACTED:SIGNED,Public lands and natural resources,0.7565442004096466,0.9533492507623089,0.8712744878191696
90417,2022-03-13 02:08:37.136715+00:00,hr1629-117,PASS_OVER:HOUSE,Health,0.7506346587529444,0.9367739210203587,0.865833417529526
119276,2022-03-13 01:50:28.411709+00:00,hr5661-117,PASS_OVER:HOUSE,Families,0.7457648082431136,0.9512731153736622,0.8655733714276062
119467,2022-03-13 01:08:37.534499+00:00,hr5720-117,PASS_OVER:HOUSE,Law,0.7403428485429056,0.5122854529170177,0.7970142422090054
91260,2022-03-13 00:47:47.578875+00:00,hr2523-117,ENACTED:SIGNED,Armed forces and national security,0.7528540262290897,0.9454249411600255,0.8682407542885486
121657,2022-03-13 00:44:06.028437+00:00,hr4981-117,ENACTED:SIGNED,International affairs,0.7465802209032867,0.9314702014937621,0.8630106406757077
88967,2022-03-13 00:41:43.438341+00:00,hr1318-117,ENACTED:SIGNED,Transportation and public works,0.7236007290789419,0.8752022381270765,0.8430807002585324
119283,2022-03-13 00:36:06.548020+00:00,hr2265-117,PASS_OVER:HOUSE,Finance and financial sector,0.7225807620851125,0.8262889196664557,0.8352337189925245
121649,2022-03-13 00:30:01.448595+00:00,hr3533-117,PASS_OVER:HOUSE,Government operations and politics,0.719394933724809,0.8980300934148809,0.8444019808746366
90674,2022-03-13 00:16:14.412407+00:00,hr772-117,ENACTED:SIGNED,Government operations and politics,0.7523811083854044,0.9542129934428931,0.8693225032091362
119494,2022-03-13 00:14:40.443627+00:00,hr5305-117,ENACTED:SIGNED,Economics and public finance,0.765313043496452,0.406320252445242,0.7280287363266817
89444,2022-03-13 00:10:23.728140+00:00,hr2547-117,PASS_OVER:HOUSE,Finance and financial sector,0.7565239223084845,0.9140822514206599,0.8653742988673412
91090,2022-03-13 00:01:17.141553+00:00,hr2758-117,PASS_OVER:HOUSE,Native Americans,0.7455533392557239,0.9510380268253136,0.8654323736516589
89101,2022-03-12 23:54:27.730205+00:00,hr951-117,PASS_OVER:HOUSE,Health,0.7440044285271615,0.6816493749350179,0.8242496205038334
89859,2022-03-12 23:32:26.234804+00:00,hr1975-117,PASS_OVER:HOUSE,Native Americans,0.7120878611877836,0.8923783342572136,0.8399006807324738
90738,2022-03-12 22:43:22.981746+00:00,hr2119-117,PASS_OVER:HOUSE,Families,0.7376299882519843,0.3993260034574881,0.7082420970648571
121602,2022-03-12 22:40:37.630492+00:00,hr4055-117,PASS_OVER:HOUSE,"Science, technology, communications",0.7144192257896548,0.9086812282464073,0.8435117971317885
90503,2022-03-12 22:15:44.788304+00:00,hr172-117,PASS_OVER:HOUSE,Sports and recreation,0.7407376481517309,0.9490363109591788,0.8627242707197422
121586,2022-03-12 22:08:09.575582+00:00,hr2959-117,PASS_OVER:HOUSE,Finance and financial sector,0.7572626553096615,0.9064572674858398,0.8645999177777067
90352,2022-03-12 21:54:02.240083+00:00,hr1652-117,ENACTED:SIGNED,Crime and law enforcement,0.7491544160760635,0.8175667919410115,0.8472122268291835
91440,2022-03-12 21:48:03.754991+00:00,hr958-117,PASS_OVER:HOUSE,Armed forces and national security,0.7470602637287703,0.7118478585997222,0.8303073106543435
121573,2022-03-12 21:32:00.467597+00:00,hr4502-117,PASS_OVER:HOUSE,Economics and public finance,0.765313043496452,0.406320252445242,0.7280287363266817
90976,2022-03-12 21:22:47.833397+00:00,hr1603-117,PASS_OVER:HOUSE,Immigration,0.7508400287131726,0.4614844862770569,0.7676818276920847
90651,2022-03-12 21:09:55.289952+00:00,hr1490-117,PASS_OVER:HOUSE,Commerce,0.7377933870616196,0.9557414126833554,0.862257905433313
119510,2022-03-12 21:03:43.217849+00:00,hr4489-117,PASS_OVER:HOUSE,Public lands and natural resources,0.7585498173472253,0.9539255940343614,0.8723637477787669
90825,2022-03-12 20:56:22.664699+00:00,hr803-117,PASS_OVER:HOUSE,Public lands and natural resources,0.7586886734867326,0.9532801963759792,0.8723363661997632
121555,2022-03-12 20:40:00.922068+00:00,hr5487-117,PASS_OVER:HOUSE,Health,0.7136907113150719,0.8676561321884756,0.8369937754858072
89498,2022-03-12 20:36:59.212016+00:00,hr1192-117,ENACTED:SIGNED,Law,0.7401871313156557,0.5153114789288419,0.7973902874971541
121554,2022-03-12 20:34:25.401821+00:00,hr4660-117,ENACTED:SIGNED,Government operations and politics,0.7195464307871177,0.8954406414978513,0.8440893116182365
91257,2022-03-12 20:24:11.936547+00:00,hr1487-117,PASS_OVER:HOUSE,Commerce,0.703055910290214,0.9056550433292012,0.8373762116444872
90640,2022-03-12 20:18:51.652037+00:00,hr1510-117,ENACTED:SIGNED,Armed forces and national security,0.718151590281923,0.8830822141714888,0.8415381272666849
88861,2022-03-12 20:03:56.370835+00:00,hr1448-117,ENACTED:SIGNED,Armed forces and national security,0.6631798375383937,0.12797098726590406,0.4403652579452153
90306,2022-03-12 20:02:25.489208+00:00,hr1573-117,PASS_OVER:HOUSE,Immigration,0.752394749993081,0.5310020257735347,0.8058476788625707
90621,2022-03-12 19:36:57.428820+00:00,hr1392-117,PASS_OVER:HOUSE,International affairs,0.7453654209744086,0.934740416975059,0.8628937730334632
90448,2022-03-12 19:26:28.917631+00:00,hr1502-117,PASS_OVER:HOUSE,Commerce,0.737752626681073,0.9557414126833554,0.8622375252430399
91034,2022-03-12 19:25:00.362936+00:00,hr1281-117,ENACTED:SIGNED,Armed forces and national security,0.7170716938101199,0.8648527132441877,0.8382637538916882
89380,2022-03-12 19:13:37.775953+00:00,hr1374-117,PASS_OVER:HOUSE,Energy,0.7469733871263982,0.8725878319395033,0.8543748683541246
90296,2022-03-12 18:34:49.877321+00:00,hr1195-117,PASS_OVER:HOUSE,Labor and employment,0.7410184399581106,0.12411774765670722,0.4760093054872564
89798,2022-03-12 18:07:56.551109+00:00,hr1333-117,PASS_OVER:HOUSE,Immigration,0.7354580319640529,0.20219140345891184,0.5395917089221015
90927,2022-03-12 18:06:47.228514+00:00,hr1228-117,PASS_OVER:HOUSE,International affairs,0.7451964604305708,0.9342594125508943,0.8627371420979195
121509,2022-03-12 18:04:02.776134+00:00,hr4172-117,ENACTED:SIGNED,Armed forces and national security,0.7528320427732819,0.9454249411600255,0.8682297625606448
121506,2022-03-12 17:47:24.680524+00:00,hr5695-117,PASS_OVER:HOUSE,Native Americans,0.7122854009275614,0.8901281855874986,0.8396619283019056
90148,2022-03-12 17:40:57.150680+00:00,hr1170-117,PASS_OVER:HOUSE,Government operations and politics,0.746322819370831,0.636639860761973,0.8186573887997115
89437,2022-03-12 17:37:10.612607+00:00,hr1112-117,PASS_OVER:HOUSE,International affairs,0.7434356546301135,0.8948980365918886,0.85595253280384
91084,2022-03-12 17:21:10.301999+00:00,hr1550-117,PASS_OVER:HOUSE,Health,0.7488158970400565,0.9452334076835602,0.8661929596725623
89670,2022-03-12 17:10:17.947084+00:00,hr1257-117,PASS_OVER:HOUSE,Armed forces and national security,0.7512280556819042,0.9415675579918816,0.8668491615397343
91566,2022-03-12 17:08:21.296179+00:00,hr1154-117,PASS_OVER:HOUSE,Public lands and natural resources,0.7586822500727992,0.9532801963759792,0.8723331544927965
121497,2022-03-12 17:06:52.698171+00:00,hr4611-117,PASS_OVER:HOUSE,Government operations and politics,0.7532605167756692,0.9510595844347567,0.8692891960530481
121495,2022-03-12 16:56:00.945286+00:00,hr3709-117,PASS_OVER:HOUSE,Emergency management,0.7105200164117224,0.9058644189530676,0.8411396710488213
121493,2022-03-12 16:52:44.621649+00:00,hr4300-117,PASS_OVER:HOUSE,Public lands and natural resources,0.6983987053587947,0.21539884200377568,0.5322883683826066
91019,2022-03-12 16:37:06.993015+00:00,hr1083-117,PASS_OVER:HOUSE,International affairs,0.7117092562550988,0.8620027482649905,0.835155040367298
91564,2022-03-12 16:31:19.104590+00:00,hr1339-117,PASS_OVER:HOUSE,Transportation and public works,0.7557311473494747,0.9401396822459631,0.8688865260116319
121486,2022-03-12 16:25:04.096603+00:00,hr4346-117,PASS_OVER:HOUSE,Congress,0.7774270642593304,0.37352396230851775,0.7062089000919053
90212,2022-03-12 16:15:14.494897+00:00,hr1508-117,PASS_OVER:HOUSE,Government operations and politics,0.7190353239192995,0.9019191756731173,0.8448055383106173
89181,2022-03-12 16:10:36.673708+00:00,hr983-117,PASS_OVER:HOUSE,Crime and law enforcement,0.7541403293072879,0.9537556017530093,0.8701335049165954
90794,2022-03-12 16:04:47.499101+00:00,hr539-117,PASS_OVER:HOUSE,Emergency management,0.7095586378669075,0.9080953326005613,0.840993618823538
91571,2022-03-12 16:00:40.636458+00:00,hr1276-117,ENACTED:SIGNED,Armed forces and national security,0.745601248803769,0.49814943807693424,0.7962276467672786
89266,2022-03-12 15:38:10.065973+00:00,hr1799-117,ENACTED:SIGNED,Commerce,0.7266209672949019,0.35225835352593443,0.6627300841444952
91208,2022-03-12 15:34:56.118151+00:00,hr1651-117,ENACTED:SIGNED,Law,0.7410146184512846,0.4993231787189786,0.7949320111367741
91104,2022-03-12 15:32:15.521326+00:00,hr2044-117,ENACTED:SIGNED,Government operations and politics,0.7190267815587289,0.9019191756731173,0.844801267130332
89980,2022-03-12 15:21:23.966110+00:00,hr941-117,ENACTED:SIGNED,Health,0.7477312851297706,0.9367804940212612,0.8643827166680744
88829,2022-03-12 15:07:29.139102+00:00,hr446-117,PASS_OVER:HOUSE,Commerce,0.7375315885998645,0.9562053410576117,0.862196595458574
89517,2022-03-12 14:54:11.155144+00:00,hr1443-117,PASS_OVER:HOUSE,Finance and financial sector,0.751781339993,0.7294378877074391,0.8353063531526159
121466,2022-03-12 14:42:13.522146+00:00,hr5615-117,PASS_OVER:HOUSE,Emergency management,0.7452132619046811,0.9531051259556047,0.8655723998456812
90468,2022-03-12 14:31:12.906304+00:00,hr735-117,PASS_OVER:HOUSE,Government operations and politics,0.746322819370831,0.636639860761973,0.8186573887997115
88945,2022-03-12 14:27:01.010533+00:00,hr1262-117,PASS_OVER:HOUSE,Transportation and public works,0.7234581581560111,0.8758368017138414,0.8431045993350818
90608,2022-03-12 14:21:57.115439+00:00,hr8-117,PASS_OVER:HOUSE,Crime and law enforcement,0.723543629249944,0.1643068060911453,0.5014325998024455
88939,2022-03-12 14:09:35.159846+00:00,hr473-117,PASS_OVER:HOUSE,Transportation and public works,0.7233754364207293,0.8760583023492562,0.8430964635627531
90095,2022-03-12 14:07:43.936199+00:00,hr1444-117,PASS_OVER:HOUSE,Government operations and politics,0.7520525588805357,0.9544904986088096,0.8691998542315893
91139,2022-03-12 13:49:24.984963+00:00,hr1085-117,PASS_OVER:HOUSE,Congress,0.7191460547280427,0.07547469644090392,0.4237265193387897
90254,2022-03-12 13:45:32.191304+00:00,hr826-117,PASS_OVER:HOUSE,International affairs,0.743250189445653,0.8788925872880573,0.853458982816035
91450,2022-03-12 13:38:46.730982+00:00,hr711-117,ENACTED:SIGNED,Armed forces and national security,0.7529562455698899,0.9450505141540158,0.8682356999080474
91201,2022-03-12 13:23:47.897397+00:00,hr842-117,PASS_OVER:HOUSE,Labor and employment,0.7298128198703364,0.08631946301827581,0.43827795350070264
91214,2022-03-12 12:54:02.388594+00:00,hr1446-117,PASS_OVER:HOUSE,Crime and law enforcement,0.7304848222427136,0.20231624949737814,0.5372112231941282
89767,2022-03-12 12:31:15.870067+00:00,hr567-117,PASS_OVER:HOUSE,International affairs,0.710492895091734,0.8611483297848864,0.8344186970135999
90324,2022-03-12 12:19:22.228097+00:00,hr2726-117,PASS_OVER:HOUSE,Armed forces and national security,0.7524935898157722,0.945775253923747,0.8681130829964481
89003,2022-03-12 12:00:15.005326+00:00,hr2016-117,PASS_OVER:HOUSE,Emergency management,0.7108685444863984,0.9005505833454865,0.8405168597450221
119389,2022-03-12 11:54:52.480842+00:00,hr5221-117,PASS_OVER:HOUSE,Native Americans,0.7442506163907773,0.9439768785749949,0.8637218399816379
89955,2022-03-12 11:28:51.231809+00:00,hr485-117,PASS_OVER:HOUSE,Families,0.743407269920607,0.8828546790934491,0.8541318368243209
89648,2022-03-12 11:23:27.707855+00:00,hr2062-117,PASS_OVER:HOUSE,Labor and employment,0.7464991997015322,0.1847870000134309,0.5303185498621824
121418,2022-03-12 11:13:14.668795+00:00,hr4373-117,PASS_OVER:HOUSE,International affairs,0.746688194872895,0.9302614781904257,0.8628833191650114
121412,2022-03-12 11:00:28.520610+00:00,hr5314-117,PASS_OVER:HOUSE,Government operations and politics,0.7312140974577747,0.19965950498914506,0.5353176279696606
89013,2022-03-12 10:53:23.501757+00:00,hr1899-117,ENACTED:SIGNED,Crime and law enforcement,0.7206444694440906,0.9007316527073068,0.8454319826281413
121407,2022-03-12 10:49:46.154547+00:00,hr3616-117,PASS_OVER:HOUSE,Public lands and natural resources,0.7255773943396584,0.8989609504095355,0.8476328397312596
120355,2022-03-12 10:38:03.701681+00:00,hr3005-117,PASS_OVER:HOUSE,Congress,0.7749087042571434,0.38004282967950004,0.7104907573561468
90919,2022-03-12 10:33:28.483695+00:00,hr546-117,PASS_OVER:HOUSE,Crime and law enforcement,0.7529462123070351,0.9548876546228275,0.8697062543469416
121394,2022-03-12 10:24:21.198922+00:00,hr5961-117,PASS_OVER:HOUSE,Government operations and politics,0.7534502905222287,0.9500694171893795,0.8692355578395212
90171,2022-03-12 10:04:49.954980+00:00,hr550-117,PASS_OVER:HOUSE,Health,0.7489705560764999,0.9458438856531,0.8663618608862149
91506,2022-03-12 09:56:34.873539+00:00,hr813-117,PASS_OVER:HOUSE,Government operations and politics,0.7531382143954823,0.9518940911981331,0.8693532208774611
88962,2022-03-12 09:42:34.404768+00:00,hr1868-117,ENACTED:SIGNED,Health,0.7499050541362164,0.9434177705083677,0.8664651926443634
120235,2022-03-12 09:35:36.310238+00:00,hr4673-117,PASS_OVER:HOUSE,Armed forces and national security,0.752947955195817,0.9450505141540158,0.8682315547210109
91141,2022-03-12 09:13:59.035496+00:00,hr208-117,ENACTED:SIGNED,Government operations and politics,0.7189947660428588,0.9019191756731173,0.844785259372397
88793,2022-03-12 09:01:58.211681+00:00,hr335-117,ENACTED:SIGNED,Armed forces and national security,0.7529328157317521,0.9450505141540158,0.8682239849889783
88792,2022-03-12 08:40:40.179188+00:00,hr147-117,PASS_OVER:HOUSE,Armed forces and national security,0.7521210426567567,0.9449543108638145,0.8678036679579506
90526,2022-03-12 08:35:11.740996+00:00,hr21-117,PASS_OVER:HOUSE,Government operations and politics,0.7530963250686332,0.9518940911981331,0.8693322762140365
90938,2022-03-12 08:09:19.991178+00:00,hr51-117,PASS_OVER:HOUSE,Government operations and politics,0.724161773433819,0.16210691436048172,0.499871763923319
90085,2022-03-12 08:07:21.008607+00:00,hr2208-117,PASS_OVER:HOUSE,Native Americans,0.7464143533620751,0.9490439908943262,0.8655637753151865
89146,2022-03-12 07:57:10.102704+00:00,hr27-117,PASS_OVER:HOUSE,Government operations and politics,0.7190684000987128,0.9019191756731173,0.844822076400324
90056,2022-03-12 07:53:03.687678+00:00,hr22-117,PASS_OVER:HOUSE,Economics and public finance,0.764158179292084,0.40792673094364695,0.7288168109481419
89140,2022-03-12 07:51:55.796421+00:00,hr391-117,PASS_OVER:HOUSE,International affairs,0.7370916300645618,0.4230917505017246,0.7281738029587468
90947,2022-03-12 07:48:16.393635+00:00,hr1-117,PASS_OVER:HOUSE,Government operations and politics,0.7235792953408624,0.15997690916835255,0.49777002046353086
91462,2022-03-12 07:43:52.078063+00:00,hr23-117,PASS_OVER:HOUSE,Government operations and politics,0.7532661962495617,0.9510595844347567,0.8692920357899944
91148,2022-02-28 05:35:18.728830+00:00,hr1319-117,ENACTED:SIGNED,Economics and public finance,0.765321790623212,0.406320252445242,0.7280331098900616
88388,2022-02-28 05:19:49.268926+00:00,s1301-117,ENACTED:SIGNED,Economics and public finance,0.6398676057830359,0.43372507300718866,0.6886001149476283
87463,2022-02-28 05:16:55.248764+00:00,s1064-117,ENACTED:SIGNED,International affairs,0.615726716824595,0.9904303637169696,0.806427912969843
119496,2022-02-28 05:14:47.740906+00:00,s1605-117,ENACTED:SIGNED,Armed forces and national security,0.5835047149131237,0.9791530896902554,0.7886253209101002
119492,2022-02-28 05:13:23.337488+00:00,s1828-117,ENACTED:SIGNED,Government operations and politics,0.5808336971909382,0.9763334429564081,0.7868668650389303
88061,2022-02-26 23:19:09.657819+00:00,s854-117,PASS_OVER:SENATE,Crime and law enforcement,0.6262480140632949,0.9931110549492619,0.8120906652740367
87876,2022-02-26 23:16:30.690762+00:00,s957-117,ENACTED:SIGNED,Armed forces and national security,0.5836972201689353,0.9788436164374417,0.7886751525500839
119700,2022-02-26 22:54:13.110440+00:00,s3541-117,PASS_OVER:SENATE,Armed forces and national security,0.6184560166069772,0.8736337565713883,0.7902730717891968
88317,2022-02-26 22:52:31.236132+00:00,s583-117,ENACTED:SIGNED,Government operations and politics,0.6245866304096808,0.9932069670514028,0.8112743602625507
87539,2022-02-26 22:49:32.530776+00:00,s566-117,ENACTED:SIGNED,Government operations and politics,0.6247718967057364,0.9930768875381975,0.8113474814835978
121096,2022-02-26 20:25:12.229536+00:00,hr5434-117,ENACTED:SIGNED,Transportation and public works,0.7571714171274062,0.9423552404594973,0.8699389946326277
119431,2022-02-26 17:40:44.043420+00:00,s3059-117,PASS_OVER:SENATE,Law,0.5678682246728904,0.5447202988996165,0.7156421571713877
91312,2022-02-25 13:52:28.322121+00:00,hr1688-117,PASS_OVER:HOUSE,Native Americans,0.7448870064918754,0.9498163023148027,0.8649159485931581
88195,2022-02-25 12:29:27.957243+00:00,s1037-117,PASS_OVER:SENATE,Commerce,0.6065510429348134,0.9925373871428931,0.8021561295388406
121086,2022-02-24 18:25:46.564587+00:00,s2184-117,PASS_OVER:SENATE,Finance and financial sector,0.5895157913933041,0.9560791940908462,0.788169774810279
121006,2022-02-24 18:16:18.087917+00:00,hres554-117,FAIL:ORIGINATING:HOUSE,Congress,0.13267176057661764,0.12285172929801386,0.1707598501916206
88923,2022-02-24 17:55:47.950988+00:00,hr1996-117,PASS_OVER:HOUSE,Finance and financial sector,0.7302484466693432,0.18204696040824367,0.5198641396816788
88186,2022-02-24 17:46:29.930269+00:00,s789-117,PASS_OVER:SENATE,Native Americans,0.5748747553061756,0.9826454987600255,0.7848342024670916
120586,2022-02-24 17:32:17.961459+00:00,s3527-117,PASS_OVER:SENATE,Armed forces and national security,0.6243740756328678,0.992091488409905,0.8110007610779197
87735,2022-02-24 17:32:09.898025+00:00,s559-117,PASS_OVER:SENATE,Native Americans,0.6164945962483944,0.9926952776272004,0.8071515897682773
120420,2022-02-24 17:16:18.961811+00:00,s1404-117,ENACTED:SIGNED,Armed forces and national security,0.6120692426420391,0.4304901191845277,0.6719512226278681
87764,2022-02-24 17:15:57.477078+00:00,s452-117,ENACTED:SIGNED,Sports and recreation,0.599740461872437,0.4555742583756315,0.6871083505555052
87713,2022-02-24 17:15:14.374440+00:00,s450-117,PASS_OVER:SENATE,"Civil rights and liberties, minority issues",0.5809708320535276,0.3970817082429233,0.6280048680332486
120142,2022-02-24 16:40:04.967138+00:00,hr3485-117,PASS_OVER:HOUSE,International affairs,0.7375291968634319,0.4333166964736187,0.7370837904342918
87417,2022-02-24 16:33:10.038775+00:00,s35-117,PASS_OVER:SENATE,Congress,0.6421141550671265,0.23219793828749133,0.5184253250779309
120074,2022-02-24 16:32:43.593791+00:00,sconres19-117,PASS_OVER:SENATE,Congress,0.3971105340877426,0.0389447220529803,0.23165828078890455
120073,2022-02-24 16:32:39.775373+00:00,s3294-117,PASS_OVER:SENATE,Congress,0.6522534857560708,0.4080358269082725,0.6729571957500671
120069,2022-02-24 16:31:56.726936+00:00,s3377-117,ENACTED:SIGNED,Congress,0.6546428115745283,0.4125256744064817,0.6779682290327735
120015,2022-02-24 16:25:55.703375+00:00,hr3076-117,PASS_OVER:HOUSE,Government operations and politics,0.7385840456457994,0.3419902492999799,0.6599837347278825
87711,2022-02-24 15:43:54.796037+00:00,s697-117,PASS_OVER:SENATE,Finance and financial sector,0.6177071873143417,0.39084195535321303,0.6410692557074019
119483,2022-02-24 15:23:05.930273+00:00,s3706-117,PASS_OVER:SENATE,Public lands and natural resources,0.6314041675649396,0.9935740629367471,0.8147381932229818
119433,2022-02-24 15:18:41.410154+00:00,s2938-117,PASS_OVER:SENATE,Government operations and politics,0.5843034884690443,0.9822571367615724,0.789490314748758
88370,2022-02-24 15:18:29.243437+00:00,s233-117,PASS_OVER:SENATE,Government operations and politics,0.5839145320028856,0.9830838726757443,0.7894198469028044
119287,2022-02-24 15:18:19.471738+00:00,s2205-117,PASS_OVER:SENATE,Government operations and politics,0.5844983019432637,0.981626383489675,0.7894931084950831
87753,2022-02-24 15:18:04.350549+00:00,s1226-117,PASS_OVER:SENATE,Government operations and politics,0.6249573512509181,0.9928998623773684,0.8114136549820643
119286,2022-02-24 15:17:52.725389+00:00,s2126-117,PASS_OVER:SENATE,Government operations and politics,0.5839145320028856,0.9832010249338872,0.7894374197415259
119282,2021-10-27 08:35:10.728335+00:00,hr4111-117,PASS_OVER:HOUSE,Foreign trade and international finance,0.7483347745673599,0.9403327296098472,0.865217296725157
119280,2021-10-27 08:35:09.306163+00:00,s1046-117,PASS_OVER:SENATE,Crime and law enforcement,0.5842550948789934,0.983469678796701,0.7896479992590019
119278,2021-10-27 08:35:07.740597+00:00,s1502-117,PASS_OVER:SENATE,Crime and law enforcement,0.6247480012112446,0.9928990572987171,0.8113088592004298
119277,2021-10-27 08:35:06.869705+00:00,s921-117,PASS_OVER:SENATE,Crime and law enforcement,0.5830830536170841,0.9791794634268534,0.7884184463225701
87929,2021-10-26 08:35:41.142620+00:00,s796-117,PASS_OVER:SENATE,Armed forces and national security,0.6232758200727659,0.9920070976554654,0.8104389746847027
87696,2021-10-26 07:26:00.531182+00:00,s544-117,PASS_OVER:SENATE,Armed forces and national security,0.5799395727959663,0.9470220516038406,0.7820230941385593
119272,2021-10-22 11:23:04.065358+00:00,s2899-117,PASS_OVER:SENATE,Crime and law enforcement,0.6262480140632949,0.9931176541304596,0.8120916551512164
119266,2021-10-22 11:22:56.183007+00:00,hr4067-117,PASS_OVER:HOUSE,"Science, technology, communications",0.749611764663882,0.9554029801876269,0.8681163293600851
90776,2021-10-22 11:22:55.041693+00:00,hr654-117,PASS_OVER:HOUSE,Health,0.7164956387045444,0.8648934476572241,0.8379818365008558
91656,2021-06-03 05:55:44.961060+00:00,hconres1-117,PASS_OVER:HOUSE,Congress,0.5854474586824584,0.031227926243334536,0.31926746664806355
90484,2021-06-03 05:55:42.798237+00:00,hr264-117,PASS_OVER:HOUSE,Government operations and politics,0.7184027083294935,0.9051098434459595,0.8449678306816406
91593,2021-06-03 05:55:41.523617+00:00,hjres17-117,PASS_OVER:HOUSE,"Civil rights and liberties, minority issues",0.5510182061777793,0.04656444537341379,0.31508888165629134
90920,2021-06-03 05:55:40.569268+00:00,hr7-117,PASS_OVER:HOUSE,Labor and employment,0.7268171761792488,0.08517325144621239,0.4358058518189049
91666,2021-06-03 05:55:39.105838+00:00,hconres11-117,PASS_OVER:HOUSE,Economics and public finance,0.5686807996659503,0.03889053081388612,0.31739735102477834
87817,2021-06-03 05:55:35.286833+00:00,s320-117,PASS_OVER:SENATE,Health,0.5809839625488328,0.9725577266204595,0.7863756402674853
87912,2021-06-03 05:55:32.926686+00:00,s400-117,PASS_OVER:SENATE,Government operations and politics,0.5821749893386794,0.9831248959583752,0.788556229063096
89098,2021-06-03 05:55:30.547136+00:00,hr1482-117,PASS_OVER:HOUSE,Commerce,0.7030737851541337,0.9056550433292012,0.837385149076447
88572,2021-06-03 05:55:29.877348+00:00,s579-117,ENACTED:SIGNED,Social welfare,0.5939769123975249,0.9817451402765405,0.7942502272402435
87699,2021-06-03 05:55:29.388432+00:00,s590-117,PASS_OVER:SENATE,Education,0.5955015457724954,0.6093931641682903,0.7391597475114913
91548,2021-06-03 05:55:28.256793+00:00,hr1762-117,PASS_OVER:HOUSE,Native Americans,0.712169657189291,0.8923783342572136,0.8399415787332276
87369,2021-06-03 05:55:25.574726+00:00,hres243-117,FAIL:ORIGINATING:HOUSE,Congress,0.12324042196721109,0.06003464525065514,0.11264965944666241
87475,2021-06-03 05:55:23.830776+00:00,s937-117,PASS_OVER:SENATE,Crime and law enforcement,0.6184992562959367,0.4923163928391256,0.7277185620612251
