legislator,armed forces and national security,"civil rights and liberties, minority issues",commerce,congress,crime and law enforcement,economics and public finance,education,emergency management,environmental protection,finance and financial sector,foreign trade and international finance,government operations and politics,health,immigration,international affairs,labor and employment,law,native americans,public lands and natural resources,"science, technology, communications",taxation,transportation and public works
A000055,0.6923076923076923,0.0,1.0,0.3181818181818182,0.7,0.5416666666666666,1.0,1.0,1.0,1.0,1.0,0.7692307692307693,0.8333333333333334,0.5,0.6,0.8333333333333334,0.5,1.0,0.8571428571428571,1.0,1.0,0.625
A000148,1.0,1.0,1.0,1.0,1.0,0.75,0.5,1.0,1.0,0.5,1.0,1.0,0.8,0.5,0.8333333333333334,1.0,1.0,0.5,0.6666666666666666,0.5,0.5,0.8333333333333334
A000369,0.75,0.0,1.0,0.07142857142857142,0.8,0.5909090909090909,1.0,1.0,1.0,1.0,1.0,0.75,0.8,0.5,0.625,0.8333333333333334,1.0,1.0,0.8333333333333334,1.0,1.0,0.5714285714285714
A000370,0.5555555555555556,1.0,1.0,1.0,0.7,0.6,0.3333333333333333,1.0,0.0,0.3333333333333333,1.0,1.0,0.6666666666666666,0.5,0.875,0.16666666666666666,1.0,0.0,0.5,0.0,0.0,0.8571428571428571
A000371,1.0,1.0,1.0,1.0,0.8,0.6,0.3333333333333333,1.0,0.5,0.3333333333333333,1.0,1.0,0.6666666666666666,1.0,0.75,0.16666666666666666,1.0,1.0,0.5,0.0,0.5,0.8571428571428571
A000372,0.6666666666666666,0.0,1.0,0.0,0.6666666666666666,0.4,1.0,1.0,1.0,0.6666666666666666,0.0,0.6363636363636364,0.6666666666666666,0.5,0.5,0.8333333333333334,0.0,1.0,1.0,1.0,0.5,0.5714285714285714
A000375,0.0,0.0,1.0,0.0,0.6666666666666666,0.4166666666666667,1.0,1.0,1.0,1.0,0.0,0.6,0.6,0.5,0.5,0.8333333333333334,1.0,0.5,0.8333333333333334,0.5,0.5,0.5714285714285714
A000376,1.0,1.0,1.0,1.0,1.0,0.6666666666666666,0.5,1.0,1.0,0.5,1.0,1.0,0.8,0.5,0.8333333333333334,1.0,1.0,0.5,0.6666666666666666,0.5,0.5,0.8333333333333334
A000377,1.0,0.3333333333333333,1.0,0.0,0.8333333333333334,0.4,0.5,1.0,1.0,0.5,1.0,0.6,0.8,0.5,0.6666666666666666,1.0,1.0,0.5,0.6666666666666666,0.5,0.5,0.5
A000378,1.0,1.0,1.0,1.0,1.0,0.7,0.5,1.0,1.0,0.5,1.0,1.0,0.8,0.5,0.8333333333333334,1.0,1.0,0.5,0.6666666666666666,0.5,0.5,0.8333333333333334
B000490,0.6923076923076923,1.0,1.0,0.5909090909090909,0.9,0.5454545454545454,0.3333333333333333,1.0,1.0,0.3333333333333333,0.5,0.9230769230769231,0.8,1.0,0.7,0.16666666666666666,0.5,0.0,0.6666666666666666,0.0,1.0,0.8571428571428571
B000574,0.3333333333333333,1.0,1.0,0.7,0.6666666666666666,0.5416666666666666,0.3333333333333333,1.0,0.0,0.0,0.5,0.9230769230769231,0.6666666666666666,0.5,0.7,0.2,0.5,0.0,0.5714285714285714,0.5,0.0,0.875
B000575,0.8666666666666667,1.0,0.5,0.8571428571428571,1.0,0.7,1.0,0.5,1.0,1.0,0.0,0.6666666666666666,0.75,1.0,0.5,1.0,1.0,0.5,1.0,0.5,0.5,0.8
B000668,1.0,0.3333333333333333,1.0,0.0,0.6666666666666666,0.25,0.5,1.0,1.0,0.5,1.0,0.7142857142857143,0.8,0.5,0.8333333333333334,0.0,0.0,0.5,0.6666666666666666,0.5,0.5,0.5
B000740,1.0,0.0,1.0,0.0,0.8333333333333334,0.25,0.5,1.0,1.0,0.5,1.0,0.625,0.8,0.5,0.8333333333333334,0.0,1.0,0.5,0.6666666666666666,0.5,0.5,0.5
B000755,0.6923076923076923,0.0,1.0,0.3333333333333333,0.5714285714285714,0.6086956521739131,1.0,1.0,1.0,1.0,0.5,0.6666666666666666,0.8,0.5,0.4,0.8333333333333334,0.5,1.0,0.8571428571428571,1.0,1.0,0.5
B000825,0.0,0.0,1.0,0.0,0.3333333333333333,0.3333333333333333,0.5,0.0,1.0,0.5,0.0,0.5,0.4,0.5,0.6666666666666666,0.0,0.0,0.5,0.6666666666666666,0.5,0.5,0.16666666666666666
B000944,1.0,0.5,0.5,0.0,0.5,0.8333333333333334,0.0,0.5,0.5,0.5,1.0,1.0,0.5,0.5,0.5,0.5,0.0,0.5,0.5,0.5,0.5,0.5
B001135,0.9285714285714286,1.0,0.5,0.5,1.0,0.5555555555555556,1.0,0.5,1.0,1.0,0.5,0.5,0.75,1.0,0.5,1.0,0.5,0.5,1.0,0.5,0.5,0.8
B001223,1.0,1.0,1.0,1.0,1.0,0.75,0.5,1.0,0.0,0.5,0.0,1.0,0.8,0.5,0.8333333333333334,1.0,1.0,0.5,0.6666666666666666,0.5,0.5,0.6666666666666666
B001224,1.0,1.0,1.0,1.0,1.0,0.75,0.5,1.0,0.0,0.5,0.0,1.0,0.8,0.5,0.8333333333333334,1.0,1.0,0.5,0.6666666666666666,0.5,0.5,0.6666666666666666
B001230,0.13333333333333333,0.75,0.5,0.14285714285714285,0.0,0.5,0.0,0.5,0.0,0.0,1.0,0.3333333333333333,0.25,0.0,0.5,0.125,0.0,0.5,0.0,0.5,0.5,1.0
B001236,0.8666666666666667,0.25,0.5,0.7142857142857143,1.0,0.6333333333333333,1.0,0.5,1.0,1.0,0.0,0.6666666666666666,0.75,1.0,0.5,1.0,1.0,0.5,1.0,0.5,0.5,0.0
B001243,0.6363636363636364,0.3333333333333333,0.5,0.8,0.75,0.7241379310344828,1.0,1.0,1.0,1.0,0.0,0.8,0.5,0.5,0.25,1.0,1.0,1.0,1.0,1.0,1.0,0.2857142857142857
B001248,0.6923076923076923,0.0,1.0,0.4090909090909091,0.8,0.5,1.0,1.0,1.0,0.6666666666666666,0.0,0.7272727272727273,0.6666666666666666,0.5,0.5,0.8333333333333334,1.0,1.0,1.0,1.0,1.0,0.5
B001251,0.46153846153846156,1.0,1.0,0.5909090909090909,0.7,0.5416666666666666,0.3333333333333333,1.0,0.0,0.3333333333333333,0.5,0.8461538461538461,0.8,0.5,0.7,0.16666666666666666,0.5,0.0,0.6666666666666666,0.5,0.0,0.875
B001257,0.75,0.0,1.0,0.125,0.7,0.5217391304347826,1.0,1.0,1.0,1.0,1.0,0.6666666666666666,0.8333333333333334,0.5,0.5,0.8333333333333334,1.0,1.0,0.8571428571428571,1.0,1.0,0.625
B001260,0.75,0.0,1.0,0.125,0.6666666666666666,0.5454545454545454,1.0,1.0,1.0,1.0,1.0,0.7272727272727273,0.8333333333333334,0.5,0.625,0.8333333333333334,0.0,1.0,0.8571428571428571,1.0,1.0,0.625
B001261,0.9285714285714286,0.3333333333333333,0.5,0.0,1.0,0.5517241379310345,1.0,0.5,1.0,1.0,0.5,0.5,0.75,1.0,0.5,1.0,0.5,0.5,1.0,0.5,0.5,0.0
B001267,0.5,0.75,0.5,1.0,0.0,0.5862068965517241,0.0,0.5,0.0,0.0,0.5,0.5,0.25,0.0,0.5,0.125,0.5,0.5,0.0,0.5,0.5,1.0
B001270,0.5555555555555556,1.0,1.0,0.9333333333333333,0.7777777777777778,0.5,0.3333333333333333,1.0,0.0,0.3333333333333333,1.0,0.9166666666666666,0.8,0.5,0.875,0.16666666666666666,1.0,0.0,0.6,0.0,0.0,0.875
B001274,0.75,0.0,0.0,0.125,0.3333333333333333,0.45454545454545453,1.0,1.0,1.0,1.0,1.0,0.6363636363636364,0.6666666666666666,0.5,0.375,0.8333333333333334,0.0,1.0,0.8571428571428571,1.0,1.0,0.2857142857142857
B001275,0.7272727272727273,0.0,1.0,0.1875,0.7,0.5909090909090909,1.0,1.0,1.0,1.0,1.0,0.75,0.8333333333333334,0.5,0.625,0.8333333333333334,1.0,1.0,0.8571428571428571,0.5,1.0,0.625
B001277,0.5,0.75,0.5,1.0,0.0,0.5862068965517241,0.0,0.5,0.0,0.0,0.5,0.5,0.25,0.0,0.5,0.125,0.5,0.5,0.0,0.5,0.5,1.0
B001278,0.5,1.0,1.0,0.8125,0.7,0.5652173913043478,0.3333333333333333,1.0,0.0,0.0,1.0,0.9166666666666666,0.6666666666666666,0.5,0.875,0.16666666666666666,1.0,0.0,0.5714285714285714,0.5,0.0,0.875
B001281,0.5,1.0,1.0,0.875,0.7777777777777778,0.5652173913043478,0.3333333333333333,1.0,0.5,0.3333333333333333,1.0,0.9166666666666666,0.6666666666666666,0.5,0.75,0.16666666666666666,1.0,0.5,0.5714285714285714,0.0,0.0,0.875
B001282,0.75,0.0,1.0,0.1875,0.8,0.6086956521739131,1.0,1.0,1.0,1.0,1.0,0.6666666666666666,0.8333333333333334,0.5,0.625,0.8333333333333334,0.0,1.0,0.8571428571428571,1.0,1.0,0.625
B001285,0.8333333333333334,1.0,1.0,0.8125,0.8,0.6086956521739131,0.3333333333333333,1.0,0.5,0.3333333333333333,1.0,1.0,0.6666666666666666,1.0,0.75,0.16666666666666666,1.0,0.0,0.5714285714285714,0.5,1.0,0.875
B001286,0.9166666666666666,1.0,1.0,0.8125,0.8,0.6521739130434783,0.3333333333333333,1.0,0.5,0.3333333333333333,1.0,0.9166666666666666,0.6666666666666666,1.0,0.75,0.16666666666666666,1.0,0.0,0.5714285714285714,0.0,1.0,0.875
B001287,0.9166666666666666,1.0,1.0,0.8125,0.8,0.5652173913043478,0.3333333333333333,1.0,0.5,0.3333333333333333,1.0,1.0,0.6666666666666666,1.0,0.7142857142857143,0.16666666666666666,1.0,1.0,0.5714285714285714,0.0,1.0,0.875
B001288,0.14285714285714285,0.75,0.5,0.5,0.0,0.3333333333333333,0.0,0.5,0.0,0.0,0.5,0.5,0.25,0.0,0.5,0.125,0.5,0.5,0.0,0.5,0.5,1.0
B001291,0.6666666666666666,0.0,1.0,0.0,0.6,0.35714285714285715,1.0,1.0,1.0,0.6666666666666666,0.0,0.6,0.5,0.5,0.375,0.8333333333333334,0.0,1.0,0.8333333333333334,0.5,0.5,0.42857142857142855
B001292,0.5555555555555556,1.0,1.0,1.0,0.7,0.6,0.3333333333333333,1.0,0.5,0.0,1.0,0.9090909090909091,0.6666666666666666,0.5,0.875,0.2,1.0,1.0,0.5,0.5,0.5,0.8571428571428571
B001295,0.6666666666666666,0.0,1.0,0.0,0.7,0.46153846153846156,1.0,1.0,1.0,0.6666666666666666,1.0,0.7777777777777778,0.8333333333333334,0.5,0.625,1.0,0.0,1.0,0.8333333333333334,1.0,0.5,0.5714285714285714
B001296,0.5555555555555556,1.0,1.0,1.0,0.875,0.5333333333333333,0.3333333333333333,1.0,0.0,0.0,1.0,0.9,0.6666666666666666,0.5,0.625,0.16666666666666666,1.0,0.0,0.5,0.0,0.5,0.8571428571428571
B001297,0.6666666666666666,0.0,1.0,0.0,0.5,0.3076923076923077,0.6666666666666666,0.5,1.0,0.6666666666666666,0.0,0.6,0.3333333333333333,0.5,0.5,0.8333333333333334,1.0,1.0,0.8333333333333334,1.0,0.5,0.42857142857142855
B001298,1.0,1.0,1.0,0.07692307692307693,0.8571428571428571,0.5,1.0,1.0,1.0,1.0,1.0,0.7,0.8333333333333334,0.5,0.8333333333333334,1.0,1.0,0.5,0.8333333333333334,0.5,0.5,0.7142857142857143
B001299,1.0,0.0,1.0,0.0,0.7142857142857143,0.4166666666666667,1.0,1.0,1.0,1.0,0.0,0.6,0.6666666666666666,0.5,0.5,0.8333333333333334,0.0,0.5,0.8333333333333334,0.5,0.5,0.42857142857142855
B001300,1.0,1.0,1.0,1.0,0.8571428571428571,0.6666666666666666,0.0,1.0,0.0,0.0,1.0,1.0,0.6666666666666666,0.5,0.8333333333333334,0.16666666666666666,1.0,0.5,0.5,0.5,0.5,0.8571428571428571
B001301,1.0,0.0,1.0,0.0,0.8571428571428571,0.5454545454545454,1.0,1.0,1.0,1.0,1.0,0.7,0.8333333333333334,0.5,0.8333333333333334,0.8333333333333334,0.0,0.5,0.8333333333333334,0.5,0.5,0.5714285714285714
B001302,1.0,0.0,0.0,0.0,0.42857142857142855,0.36363636363636365,1.0,0.5,1.0,1.0,0.0,0.6,0.3333333333333333,0.5,0.5,0.8333333333333334,1.0,0.5,0.8333333333333334,0.5,0.5,0.2857142857142857
B001303,1.0,1.0,1.0,1.0,0.8571428571428571,0.6666666666666666,0.0,1.0,0.0,0.0,1.0,1.0,0.6666666666666666,0.5,0.8333333333333334,0.16666666666666666,1.0,0.5,0.5,0.5,0.5,0.8571428571428571
B001304,1.0,1.0,1.0,1.0,0.8571428571428571,0.6666666666666666,0.0,1.0,0.0,0.0,1.0,1.0,0.6666666666666666,0.5,0.8333333333333334,0.16666666666666666,1.0,0.5,0.5,0.5,0.5,0.8571428571428571
B001305,1.0,0.0,1.0,0.0,0.7142857142857143,0.45454545454545453,1.0,1.0,1.0,1.0,1.0,0.5,0.6666666666666666,0.5,0.6,1.0,0.0,0.5,0.8333333333333334,0.5,0.5,0.5714285714285714
B001306,1.0,0.0,1.0,0.0,0.8333333333333334,0.4444444444444444,0.5,1.0,1.0,0.5,1.0,0.6,0.8,0.5,0.8333333333333334,1.0,1.0,0.5,0.6666666666666666,0.5,0.5,0.5
B001307,1.0,0.0,1.0,0.0,0.8333333333333334,0.3,0.5,1.0,1.0,0.5,1.0,0.6,0.8,0.5,0.5,1.0,0.0,0.5,0.6666666666666666,0.5,0.5,0.3333333333333333
B001309,0.0,0.0,1.0,0.0,0.6666666666666666,0.3333333333333333,0.5,0.0,1.0,0.5,0.0,0.6,0.2,0.5,0.6666666666666666,0.0,1.0,0.5,0.6666666666666666,0.5,0.5,0.16666666666666666
B001310,0.5,0.3333333333333333,0.5,1.0,0.5,0.8,0.5,0.5,0.5,0.5,0.5,0.5,0.0,0.5,0.5,1.0,0.5,0.5,0.5,0.5,0.5,0.0
B001311,0.0,0.0,0.0,0.0,0.3333333333333333,0.3333333333333333,0.5,0.0,0.5,0.5,0.0,0.625,0.4,0.5,0.6666666666666666,0.0,0.0,0.5,0.6666666666666666,0.5,0.5,0.3333333333333333
B001312,1.0,1.0,1.0,1.0,1.0,0.75,0.5,1.0,1.0,0.5,1.0,1.0,0.8,0.5,0.8333333333333334,1.0,1.0,0.5,0.6666666666666666,0.5,0.5,0.8333333333333334
C000059,0.6923076923076923,0.3333333333333333,1.0,0.3181818181818182,0.8,0.6521739130434783,1.0,1.0,1.0,1.0,0.5,0.8461538461538461,0.8333333333333334,0.5,0.5,1.0,1.0,1.0,0.8571428571428571,1.0,1.0,0.625
C000127,0.5,0.75,0.5,1.0,0.0,0.5862068965517241,0.0,0.5,0.0,0.0,0.5,0.5,0.25,0.0,0.5,0.125,0.5,0.5,0.0,0.5,0.5,1.0
C000141,0.0,0.5,0.5,0.16666666666666666,0.5,0.0,0.5,0.5,0.5,0.5,0.0,0.0,0.5,0.5,0.0,0.5,0.0,0.5,0.5,0.5,0.5,0.5
C000174,0.2857142857142857,0.6666666666666666,0.5,1.0,0.0,0.5862068965517241,0.3333333333333333,0.5,0.0,0.0,0.5,0.5,0.25,0.0,0.5,0.125,0.5,0.5,0.0,0.5,0.5,1.0
C000266,0.6923076923076923,0.0,1.0,0.36363636363636365,0.7,0.4583333333333333,1.0,1.0,1.0,1.0,0.5,0.6923076923076923,0.8333333333333334,0.5,0.6,1.0,1.0,1.0,0.8571428571428571,1.0,1.0,0.625
C000537,0.46153846153846156,1.0,1.0,0.5909090909090909,0.8,0.5416666666666666,0.3333333333333333,1.0,0.0,0.3333333333333333,0.5,0.8461538461538461,0.6666666666666666,0.5,0.7,0.16666666666666666,0.5,0.0,0.5714285714285714,0.0,0.0,0.8571428571428571
C000754,0.7692307692307693,1.0,1.0,0.6363636363636364,0.8,0.5416666666666666,0.3333333333333333,1.0,0.5,0.3333333333333333,0.5,0.9230769230769231,0.6666666666666666,1.0,0.7,0.3333333333333333,0.5,0.0,0.5714285714285714,0.0,0.0,0.875
C001035,0.9285714285714286,0.75,0.5,0.0,0.5,0.6551724137931034,1.0,0.5,0.6666666666666666,1.0,0.5,0.5,0.25,1.0,0.5,0.875,0.5,0.5,1.0,0.5,0.5,0.8
C001039,1.0,0.3333333333333333,1.0,0.0,0.8333333333333334,0.25,0.5,1.0,1.0,0.5,0.0,0.625,0.6,0.5,0.6666666666666666,0.0,1.0,0.5,0.6666666666666666,0.5,0.5,0.5
C001047,0.8888888888888888,1.0,0.5,0.9,1.0,0.7916666666666666,1.0,0.5,1.0,1.0,0.0,0.75,0.75,1.0,0.5,1.0,0.0,0.5,1.0,0.5,1.0,0.8333333333333334
C001051,0.6923076923076923,0.0,1.0,0.3181818181818182,0.7,0.6818181818181818,1.0,1.0,1.0,1.0,0.0,0.6666666666666666,0.8333333333333334,0.5,0.4,0.8333333333333334,0.5,1.0,0.8571428571428571,0.5,1.0,0.5
C001053,0.6923076923076923,0.3333333333333333,1.0,0.3181818181818182,0.7777777777777778,0.625,1.0,1.0,1.0,1.0,0.5,0.8461538461538461,0.8333333333333334,0.5,0.7,1.0,1.0,1.0,0.8571428571428571,1.0,1.0,0.625
C001054,1.0,0.0,1.0,0.0,0.6666666666666666,0.0,0.5,1.0,1.0,0.5,1.0,0.625,0.8,0.5,0.8333333333333334,0.0,0.0,0.5,0.6666666666666666,0.5,0.5,0.5
C001055,0.5,1.0,1.0,0.7368421052631579,1.0,0.7272727272727273,0.5,1.0,0.0,0.5,0.5,0.9090909090909091,0.8,0.5,0.75,1.0,1.0,0.5,0.6666666666666666,0.5,0.5,0.8333333333333334
C001056,0.9285714285714286,0.25,0.5,0.0,1.0,0.6551724137931034,1.0,0.5,1.0,1.0,0.5,0.5,0.75,1.0,0.5,1.0,0.5,0.5,1.0,0.5,0.5,0.2
C001059,0.7692307692307693,1.0,1.0,0.5909090909090909,0.8,0.5833333333333334,0.3333333333333333,1.0,1.0,0.3333333333333333,1.0,1.0,0.6666666666666666,1.0,0.7,0.3333333333333333,0.5,1.0,0.5714285714285714,0.0,1.0,0.8571428571428571
C001061,0.46153846153846156,1.0,1.0,0.6363636363636364,0.8,0.5454545454545454,0.3333333333333333,1.0,0.5,0.3333333333333333,0.5,0.8461538461538461,0.6666666666666666,0.5,0.7,0.2,0.5,0.5,0.5714285714285714,0.0,0.0,0.875
C001063,0.8333333333333334,1.0,1.0,0.6190476190476191,0.9,0.6666666666666666,0.3333333333333333,1.0,1.0,0.6666666666666666,0.5,1.0,0.5,1.0,0.6,0.8333333333333334,1.0,0.0,0.8571428571428571,0.0,1.0,0.875
C001066,0.5,1.0,1.0,0.8125,0.8,0.5217391304347826,0.3333333333333333,1.0,0.0,0.3333333333333333,1.0,0.9090909090909091,0.6666666666666666,0.5,0.75,0.16666666666666666,1.0,0.0,0.5714285714285714,0.0,0.0,0.8571428571428571
C001067,0.45454545454545453,1.0,1.0,0.9285714285714286,0.7,0.4090909090909091,0.3333333333333333,1.0,0.5,0.0,1.0,0.9,0.6666666666666666,0.5,0.875,0.16666666666666666,1.0,0.0,0.5,0.0,0.0,0.8333333333333334
C001068,0.5,1.0,1.0,0.8125,0.75,0.5652173913043478,0.3333333333333333,1.0,0.5,0.0,1.0,0.9166666666666666,0.6666666666666666,0.5,0.875,0.16666666666666666,1.0,0.0,0.5714285714285714,0.5,0.0,0.875
C001069,0.8333333333333334,1.0,1.0,0.8666666666666667,0.7,0.5652173913043478,0.3333333333333333,1.0,0.5,0.0,1.0,0.9166666666666666,0.6666666666666666,1.0,0.75,0.16666666666666666,1.0,0.0,0.5714285714285714,0.5,1.0,0.875
C001072,0.5,1.0,1.0,0.7857142857142857,0.8,0.5909090909090909,0.3333333333333333,1.0,0.0,0.3333333333333333,1.0,0.9166666666666666,0.6666666666666666,0.5,0.75,0.16666666666666666,1.0,0.0,0.5714285714285714,0.5,0.0,0.875
C001075,0.9411764705882353,0.3333333333333333,0.5,0.5,1.0,0.8260869565217391,1.0,0.5,1.0,1.0,0.5,0.6666666666666666,0.75,1.0,0.5,1.0,0.5,0.5,1.0,0.5,1.0,0.8333333333333334
C001078,0.5833333333333334,1.0,1.0,0.8125,0.7,0.6086956521739131,0.3333333333333333,1.0,0.0,0.0,1.0,0.9166666666666666,0.6666666666666666,1.0,0.75,0.16666666666666666,1.0,0.0,0.5714285714285714,0.5,0.0,0.875
C001080,0.5,1.0,1.0,0.8125,0.7,0.5217391304347826,0.3333333333333333,1.0,0.5,0.0,1.0,0.9166666666666666,0.6666666666666666,0.5,0.875,0.0,1.0,0.0,0.5714285714285714,0.0,0.0,0.875
C001084,0.5,1.0,1.0,0.875,0.7777777777777778,0.47619047619047616,0.3333333333333333,1.0,0.0,0.0,1.0,0.9166666666666666,0.6666666666666666,0.5,0.875,0.16666666666666666,1.0,0.0,0.5714285714285714,0.0,0.0,0.875
C001087,0.6666666666666666,0.0,1.0,0.07692307692307693,0.7,0.5,1.0,1.0,1.0,1.0,1.0,0.6666666666666666,0.8333333333333334,0.5,0.625,1.0,1.0,1.0,0.8571428571428571,0.5,1.0,0.625
C001088,0.2857142857142857,0.75,0.5,1.0,0.0,0.5862068965517241,0.0,0.5,0.0,0.0,0.5,0.5,0.25,0.0,0.5,0.125,0.5,0.5,0.0,0.5,0.5,1.0
C001090,0.6666666666666666,1.0,1.0,0.875,0.7,0.55,0.3333333333333333,1.0,0.0,0.0,1.0,0.9090909090909091,0.6666666666666666,0.5,0.75,0.16666666666666666,1.0,1.0,0.5714285714285714,0.0,0.0,0.875
C001091,0.5,1.0,1.0,0.8125,0.7777777777777778,0.5,0.3333333333333333,1.0,0.0,0.3333333333333333,1.0,0.9166666666666666,0.6666666666666666,0.5,0.75,0.16666666666666666,1.0,0.0,0.5714285714285714,0.5,1.0,0.875
C001095,0.9411764705882353,0.25,0.5,0.75,1.0,0.6956521739130435,1.0,0.5,1.0,1.0,0.5,0.6666666666666666,0.75,1.0,0.5,0.875,0.5,0.5,1.0,0.5,1.0,0.16666666666666666
C001096,0.7272727272727273,0.25,0.5,0.5,0.75,0.8461538461538461,1.0,1.0,1.0,0.6666666666666666,0.5,0.6666666666666666,0.0,0.5,0.0,1.0,0.5,1.0,1.0,0.5,1.0,0.8571428571428571
C001097,0.5,1.0,1.0,0.8125,0.75,0.5238095238095238,0.3333333333333333,1.0,0.5,0.0,1.0,0.9166666666666666,0.6666666666666666,0.5,0.75,0.16666666666666666,1.0,1.0,0.5,0.5,0.0,0.875
C001098,0.5714285714285714,0.25,0.5,1.0,1.0,0.4482758620689655,1.0,0.5,1.0,1.0,0.5,0.5,0.75,1.0,0.5,0.875,0.5,0.5,1.0,0.5,0.5,0.0
C001101,0.6,1.0,1.0,0.8666666666666667,0.7777777777777778,0.6111111111111112,0.3333333333333333,1.0,1.0,0.0,1.0,0.9090909090909091,0.6666666666666666,0.5,0.875,0.2,1.0,0.0,0.5,0.0,0.0,0.8571428571428571
C001103,0.6666666666666666,0.0,1.0,0.0,0.8,0.4666666666666667,1.0,1.0,1.0,0.6666666666666666,1.0,0.6363636363636364,0.8333333333333334,0.5,0.5,1.0,0.0,1.0,0.8333333333333334,1.0,0.5,0.5714285714285714
C001104,1.0,0.0,1.0,0.0,0.8,0.25,0.5,1.0,1.0,0.5,0.0,0.625,0.6,0.5,0.8333333333333334,1.0,0.0,0.5,0.6666666666666666,0.5,0.5,0.3333333333333333
C001108,1.0,0.0,1.0,0.0,0.8571428571428571,0.4166666666666667,1.0,1.0,1.0,1.0,1.0,0.7777777777777778,0.6666666666666666,0.5,0.6666666666666666,0.8333333333333334,1.0,0.5,0.8333333333333334,0.5,0.5,0.42857142857142855
C001109,0.5,1.0,0.5,0.0,0.6,0.5,1.0,1.0,1.0,1.0,0.5,0.5555555555555556,1.0,0.5,0.6666666666666666,1.0,0.5,0.5,0.8333333333333334,0.5,0.5,0.5
C001110,1.0,1.0,1.0,0.9230769230769231,0.8571428571428571,0.5833333333333334,0.0,1.0,0.5,0.0,1.0,1.0,0.6666666666666666,0.5,0.8333333333333334,0.3333333333333333,1.0,0.5,0.5,0.5,0.5,0.8571428571428571
C001111,0.5,1.0,0.5,1.0,0.75,0.6666666666666666,0.0,1.0,0.0,0.0,1.0,1.0,0.6,0.5,0.6666666666666666,0.0,0.5,0.5,0.5,0.5,0.5,0.8333333333333334
C001112,1.0,1.0,1.0,1.0,0.8571428571428571,0.6666666666666666,0.0,1.0,0.5,0.0,1.0,1.0,0.6666666666666666,0.5,0.8333333333333334,0.16666666666666666,1.0,0.5,0.5,0.5,0.5,0.8571428571428571
C001113,0.5,0.75,0.5,1.0,0.0,0.26666666666666666,0.5,0.5,0.0,0.0,0.5,0.5,0.3333333333333333,0.5,0.5,0.125,0.5,0.5,0.0,0.5,0.5,1.0
C001114,1.0,0.3333333333333333,1.0,0.0,0.8333333333333334,0.4,0.5,1.0,1.0,0.5,1.0,0.5555555555555556,0.8,0.5,0.8333333333333334,0.0,1.0,0.5,0.75,0.5,0.5,0.5
C001115,0.0,0.0,1.0,0.0,0.6666666666666666,0.3333333333333333,0.5,0.0,1.0,0.5,0.0,0.5555555555555556,0.2,0.5,0.5,0.0,0.0,0.5,0.75,0.5,0.5,0.3333333333333333
C001116,0.0,0.0,1.0,0.0,0.16666666666666666,0.3333333333333333,0.5,1.0,0.5,0.5,0.0,0.625,0.2,0.5,0.6666666666666666,0.0,0.0,0.5,0.6666666666666666,0.5,0.5,0.16666666666666666
C001117,1.0,1.0,1.0,1.0,1.0,0.7,0.5,1.0,1.0,0.5,1.0,0.9,0.8,0.5,0.8333333333333334,1.0,1.0,0.5,0.6666666666666666,0.5,0.5,0.8
C001118,0.0,0.0,1.0,0.0,0.8333333333333334,0.3333333333333333,0.5,0.0,1.0,0.5,0.0,0.6666666666666666,0.6,0.5,0.3333333333333333,0.0,0.0,0.5,0.6666666666666666,0.5,0.5,0.16666666666666666
C001119,1.0,1.0,1.0,1.0,1.0,0.7,0.5,1.0,1.0,0.5,1.0,1.0,0.8,0.5,0.8333333333333334,1.0,1.0,0.5,0.6666666666666666,0.5,0.5,0.8333333333333334
C001120,1.0,0.0,1.0,0.0,0.8333333333333334,0.3333333333333333,0.5,1.0,1.0,0.5,1.0,0.6,0.8,0.5,0.8333333333333334,0.0,1.0,0.5,0.6666666666666666,0.5,0.5,0.5
C001121,1.0,1.0,1.0,1.0,1.0,0.7,0.5,1.0,0.0,0.5,1.0,1.0,0.75,0.5,0.8333333333333334,1.0,1.0,0.5,0.6666666666666666,0.5,0.5,0.8333333333333334
D000032,1.0,0.0,1.0,0.0,0.8333333333333334,0.3333333333333333,0.5,1.0,1.0,0.5,0.0,0.625,0.6,0.5,0.6666666666666666,0.0,0.0,0.5,0.6666666666666666,0.5,0.5,0.16666666666666666
D000096,0.5,1.0,0.5,0.65,0.7,0.4782608695652174,0.3333333333333333,1.0,0.0,0.0,1.0,0.8461538461538461,0.6666666666666666,0.5,0.625,0.16666666666666666,0.5,0.0,0.5714285714285714,0.0,0.0,0.8571428571428571
D000191,0.38461538461538464,1.0,1.0,0.6190476190476191,0.6666666666666666,0.4166666666666667,0.3333333333333333,1.0,0.0,0.0,1.0,0.8461538461538461,0.6666666666666666,0.5,0.8,0.16666666666666666,0.5,0.5,0.5714285714285714,0.0,0.0,0.875
D000197,0.5384615384615384,1.0,1.0,0.5909090909090909,0.7,0.5,0.3333333333333333,1.0,0.0,0.0,0.5,0.8461538461538461,0.6666666666666666,0.5,0.8,0.16666666666666666,0.5,0.0,0.5714285714285714,0.0,0.0,0.875
D000216,0.5384615384615384,1.0,1.0,0.5909090909090909,0.7,0.43478260869565216,0.3333333333333333,1.0,0.0,0.0,0.5,0.8461538461538461,0.6666666666666666,0.5,0.8,0.16666666666666666,0.5,0.0,0.5714285714285714,0.0,0.0,0.875
D000399,0.4166666666666667,1.0,1.0,0.5909090909090909,0.7777777777777778,0.42857142857142855,0.3333333333333333,1.0,0.0,0.0,0.5,0.8461538461538461,0.6666666666666666,1.0,0.7,0.16666666666666666,0.5,0.0,0.5714285714285714,0.0,0.0,1.0
D000482,0.5,1.0,1.0,0.6190476190476191,0.5714285714285714,0.5652173913043478,0.3333333333333333,1.0,0.0,0.0,1.0,0.7777777777777778,0.6,0.5,0.875,0.16666666666666666,0.0,0.0,0.5,0.0,0.0,0.875
D000563,0.21428571428571427,0.75,0.5,1.0,0.0,0.5862068965517241,0.0,0.5,0.0,0.0,0.5,0.5,0.25,0.0,0.5,0.16666666666666666,0.5,0.5,0.0,0.5,0.5,1.0
D000600,0.75,0.5,1.0,0.3157894736842105,0.7777777777777778,0.6086956521739131,1.0,1.0,1.0,1.0,0.5,0.8333333333333334,0.8333333333333334,0.5,0.6,1.0,1.0,1.0,0.8571428571428571,0.5,1.0,0.625
D000610,0.4,1.0,1.0,0.9166666666666666,0.75,0.5454545454545454,0.3333333333333333,1.0,0.5,0.0,1.0,0.9090909090909091,0.6,0.5,0.5714285714285714,0.0,0.5,0.0,0.5714285714285714,0.0,0.0,0.8571428571428571
D000615,0.75,0.0,1.0,0.1875,0.5,0.43478260869565216,0.6666666666666666,1.0,1.0,0.6666666666666666,1.0,0.6363636363636364,0.6666666666666666,0.5,0.5,0.8333333333333334,0.0,1.0,1.0,1.0,1.0,0.625
D000616,0.6363636363636364,0.0,1.0,0.1875,0.7,0.42105263157894735,1.0,1.0,1.0,0.6666666666666666,0.0,0.6666666666666666,0.8333333333333334,0.5,0.375,0.8333333333333334,0.0,1.0,0.8571428571428571,1.0,1.0,0.42857142857142855
D000617,0.5833333333333334,1.0,1.0,0.8125,0.7,0.5652173913043478,0.3333333333333333,1.0,0.5,0.0,1.0,1.0,0.6666666666666666,0.5,0.875,0.16666666666666666,1.0,0.0,0.5714285714285714,0.0,1.0,0.875
D000618,0.8823529411764706,0.25,0.5,0.5,1.0,0.7727272727272727,1.0,0.5,1.0,1.0,0.5,0.6666666666666666,0.75,1.0,0.5,1.0,0.5,0.5,1.0,0.5,1.0,0.16666666666666666
D000619,0.75,0.3333333333333333,1.0,0.125,0.8,0.6363636363636364,1.0,1.0,1.0,1.0,1.0,0.8,0.8333333333333334,0.5,0.625,0.8333333333333334,0.5,1.0,0.8571428571428571,1.0,1.0,0.5714285714285714
D000622,0.8181818181818182,0.75,0.5,0.25,0.3333333333333333,0.34615384615384615,0.3333333333333333,0.5,0.0,0.25,0.5,0.5,0.3333333333333333,0.5,0.5,0.125,0.5,0.0,0.3333333333333333,0.5,0.5,1.0
D000623,0.5555555555555556,1.0,1.0,1.0,0.8,0.6,0.3333333333333333,1.0,0.0,0.0,1.0,0.9090909090909091,0.6666666666666666,0.5,0.875,0.0,1.0,0.0,0.5,0.0,0.5,0.8571428571428571
D000624,0.5555555555555556,1.0,1.0,1.0,0.7,0.6,0.3333333333333333,1.0,0.0,0.0,1.0,0.9,0.6666666666666666,0.5,0.875,0.16666666666666666,1.0,0.0,0.5,0.0,0.5,0.8571428571428571
D000626,0.5,0.0,1.0,0.0,0.8333333333333334,0.45454545454545453,1.0,1.0,1.0,0.6666666666666666,1.0,0.6,0.5,0.5,0.6666666666666666,1.0,0.0,0.5,0.8333333333333334,1.0,0.5,0.2857142857142857
D000627,1.0,1.0,1.0,1.0,0.8571428571428571,0.6666666666666666,0.0,1.0,0.5,0.0,1.0,1.0,0.6666666666666666,0.5,0.8333333333333334,0.16666666666666666,1.0,0.5,0.5,0.5,0.5,0.8571428571428571
D000628,0.0,0.0,1.0,0.0,0.8571428571428571,0.4166666666666667,1.0,1.0,1.0,1.0,1.0,0.6,0.8333333333333334,0.5,0.8333333333333334,0.8333333333333334,0.0,0.5,0.8333333333333334,0.5,0.5,0.5714285714285714
D000629,1.0,1.0,1.0,1.0,1.0,0.8,0.5,1.0,1.0,0.5,1.0,1.0,0.8,0.5,0.8333333333333334,1.0,1.0,0.5,0.6666666666666666,0.5,0.5,0.8
D000630,0.5,1.0,0.5,1.0,1.0,0.6666666666666666,0.5,0.5,0.5,0.5,1.0,1.0,0.75,0.5,0.6666666666666666,0.5,0.5,0.5,1.0,0.5,0.5,0.75
D000631,1.0,1.0,1.0,1.0,1.0,0.7,0.5,1.0,1.0,0.5,1.0,1.0,0.8,0.5,0.8333333333333334,1.0,1.0,0.5,0.6666666666666666,0.5,0.5,0.8333333333333334
E000215,0.46153846153846156,1.0,1.0,0.5909090909090909,0.7,0.5416666666666666,0.3333333333333333,1.0,0.5,0.0,0.5,0.9230769230769231,0.6666666666666666,0.5,0.7,0.16666666666666666,0.5,0.0,0.5714285714285714,0.0,0.0,0.875
E000294,0.5555555555555556,0.3333333333333333,0.5,0.0,0.8,0.5714285714285714,1.0,1.0,1.0,0.6666666666666666,0.5,0.7,0.8333333333333334,0.5,0.375,0.8333333333333334,1.0,1.0,0.8333333333333334,1.0,0.5,0.5714285714285714
E000295,0.9285714285714286,1.0,0.5,0.0,1.0,0.8666666666666667,1.0,0.5,1.0,1.0,0.5,0.5,0.75,1.0,0.5,1.0,0.5,0.5,1.0,0.5,0.5,0.0
E000296,1.0,1.0,1.0,1.0,0.8571428571428571,0.6666666666666666,0.0,1.0,0.0,0.0,1.0,1.0,0.6666666666666666,0.5,0.8333333333333334,0.16666666666666666,1.0,0.5,0.5,0.5,0.5,0.8571428571428571
E000297,1.0,1.0,1.0,1.0,0.8571428571428571,0.5833333333333334,0.0,1.0,0.0,0.0,1.0,1.0,0.6666666666666666,0.5,0.8333333333333334,0.16666666666666666,1.0,0.5,0.5,0.5,0.5,0.8333333333333334
E000298,0.5,0.0,1.0,0.0,0.5,0.45454545454545453,0.5,0.0,1.0,1.0,0.0,0.5555555555555556,0.8,0.5,0.5,1.0,0.0,0.5,0.75,0.5,0.5,0.42857142857142855
E000299,1.0,1.0,1.0,1.0,1.0,0.6,0.5,1.0,1.0,0.5,1.0,0.8888888888888888,0.8,0.5,0.8333333333333334,1.0,1.0,0.5,0.6666666666666666,0.5,0.5,0.8333333333333334
F000062,0.5,0.75,0.5,1.0,0.0,0.5862068965517241,0.0,0.5,0.0,0.0,0.5,0.5,0.0,0.0,0.5,0.125,0.5,0.5,0.0,0.5,0.5,1.0
F000246,0.0,0.0,1.0,0.0,0.6666666666666666,0.3333333333333333,0.5,1.0,1.0,0.5,0.0,0.625,0.6,0.5,0.25,0.0,0.0,0.5,0.6666666666666666,0.5,0.5,0.3333333333333333
F000446,1.0,0.0,1.0,0.0,0.8,0.25,0.5,1.0,1.0,0.5,1.0,0.625,0.8,0.5,1.0,1.0,1.0,0.5,0.6666666666666666,0.5,0.5,0.5
F000449,0.6666666666666666,0.0,0.5,0.6666666666666666,0.8,0.6086956521739131,1.0,1.0,1.0,1.0,0.0,0.7272727272727273,0.75,0.5,0.3333333333333333,1.0,1.0,1.0,1.0,1.0,1.0,0.5
F000450,0.6923076923076923,0.0,1.0,0.36363636363636365,0.625,0.625,1.0,1.0,1.0,1.0,1.0,0.7692307692307693,0.6,0.5,0.5,0.8333333333333334,0.5,1.0,0.8571428571428571,1.0,1.0,0.625
F000454,0.9166666666666666,1.0,1.0,0.875,0.7,0.5652173913043478,0.3333333333333333,1.0,0.5,0.3333333333333333,1.0,0.9166666666666666,0.6666666666666666,0.5,0.875,0.16666666666666666,1.0,0.0,0.5714285714285714,0.0,0.0,0.875
F000455,0.45454545454545453,0.5,0.5,0.3333333333333333,0.5,0.42105263157894735,0.3333333333333333,1.0,0.0,0.0,0.5,0.75,0.0,0.5,1.0,0.0,0.5,0.0,0.5,0.0,0.0,1.0
F000459,0.75,0.0,1.0,0.1875,0.7,0.5652173913043478,1.0,1.0,1.0,1.0,1.0,0.6666666666666666,0.8333333333333334,0.5,0.375,1.0,0.0,1.0,0.8571428571428571,1.0,1.0,0.5714285714285714
F000462,0.5,1.0,1.0,0.8125,0.7777777777777778,0.5,0.3333333333333333,1.0,0.0,0.3333333333333333,1.0,0.9166666666666666,0.6666666666666666,0.5,0.75,0.16666666666666666,1.0,0.0,0.6666666666666666,0.0,0.0,0.8571428571428571
F000463,0.9285714285714286,0.25,0.5,0.0,1.0,0.5862068965517241,1.0,0.5,1.0,1.0,0.5,0.5,0.75,1.0,0.5,1.0,0.5,0.5,1.0,0.5,0.5,0.4
F000465,0.0,0.0,1.0,0.0,0.8571428571428571,0.5,1.0,1.0,1.0,1.0,0.0,0.6,0.6666666666666666,0.5,0.5,1.0,0.0,0.5,0.8333333333333334,0.5,0.5,0.5714285714285714
F000466,1.0,1.0,1.0,0.07692307692307693,1.0,0.75,1.0,1.0,0.5,0.5,1.0,0.9,0.8333333333333334,0.5,0.8333333333333334,1.0,1.0,0.5,0.6666666666666666,0.5,0.5,1.0
F000468,1.0,1.0,1.0,1.0,1.0,0.7,0.5,1.0,1.0,0.5,1.0,1.0,0.8,0.5,0.8333333333333334,1.0,1.0,0.5,0.6666666666666666,0.5,0.5,0.8333333333333334
F000469,0.0,0.0,1.0,0.0,0.5,0.4444444444444444,0.5,1.0,1.0,0.5,1.0,0.6,0.4,0.5,0.6666666666666666,1.0,0.0,0.5,0.6666666666666666,0.5,0.5,0.3333333333333333
F000470,1.0,0.0,1.0,0.0,0.6666666666666666,0.25,0.5,1.0,1.0,0.5,1.0,0.625,0.8,0.5,0.5,1.0,0.0,0.5,0.6666666666666666,0.5,0.5,0.5
F000471,1.0,0.0,1.0,0.0,0.6666666666666666,0.3333333333333333,0.5,1.0,0.5,0.5,0.0,0.625,0.8,0.5,0.8333333333333334,0.0,0.0,0.5,0.6666666666666666,0.5,0.5,0.4
F000472,1.0,0.0,1.0,0.0,0.8,0.25,0.5,1.0,1.0,0.5,1.0,0.625,0.8,0.5,0.5,0.0,0.0,0.5,0.6666666666666666,0.5,0.5,0.3333333333333333
G000061,1.0,0.3333333333333333,1.0,0.0,0.8333333333333334,0.3333333333333333,0.5,1.0,1.0,0.5,1.0,0.75,0.8,0.5,1.0,0.0,1.0,0.5,0.6666666666666666,0.5,0.5,0.5
G000359,0.875,0.0,0.5,1.0,1.0,0.6551724137931034,1.0,0.5,1.0,0.6666666666666666,0.5,0.5,0.6666666666666666,0.5,0.5,1.0,0.5,0.5,1.0,0.5,0.5,0.75
G000377,0.6923076923076923,0.0,1.0,0.3,0.7777777777777778,0.6086956521739131,1.0,1.0,1.0,1.0,0.0,0.7692307692307693,0.8333333333333334,0.5,0.6,0.8333333333333334,1.0,1.0,0.8571428571428571,1.0,1.0,0.625
G000386,0.5,0.25,0.5,0.0,1.0,0.8666666666666667,1.0,0.5,1.0,1.0,0.5,0.5,0.6666666666666666,0.5,0.5,1.0,0.5,0.5,1.0,0.5,0.5,0.6
G000546,0.6923076923076923,0.0,1.0,0.3181818181818182,0.8,0.5454545454545454,1.0,1.0,1.0,1.0,0.5,0.6666666666666666,0.8333333333333334,0.5,0.5,1.0,1.0,1.0,0.8571428571428571,0.0,1.0,0.625
G000551,0.46153846153846156,1.0,1.0,0.5909090909090909,0.75,0.4166666666666667,0.3333333333333333,1.0,0.0,0.0,1.0,0.7777777777777778,0.6666666666666666,0.5,0.8,0.16666666666666666,0.5,0.0,0.5,0.0,0.0,0.8333333333333334
G000552,0.6666666666666666,0.0,1.0,0.4,0.4444444444444444,0.34782608695652173,1.0,1.0,1.0,0.6666666666666666,0.5,0.6666666666666666,0.6,0.5,0.3,0.8333333333333334,0.5,1.0,0.8571428571428571,1.0,0.5,0.5
G000553,0.5384615384615384,1.0,1.0,0.6190476190476191,0.7777777777777778,0.5416666666666666,0.3333333333333333,1.0,0.5,0.3333333333333333,0.5,0.8461538461538461,0.6666666666666666,0.5,0.7,0.16666666666666666,0.5,0.0,0.5714285714285714,0.5,0.0,0.875
G000555,0.07142857142857142,0.75,0.5,1.0,0.0,0.4827586206896552,0.0,0.5,0.0,0.0,0.5,0.5,0.25,0.0,0.5,0.0,0.5,0.5,0.0,0.5,0.5,1.0
G000558,0.75,0.0,1.0,0.1875,0.8,0.5652173913043478,1.0,1.0,1.0,0.6666666666666666,1.0,0.6666666666666666,0.8333333333333334,0.5,0.625,0.8333333333333334,1.0,1.0,0.8571428571428571,1.0,1.0,0.625
G000559,0.6363636363636364,1.0,1.0,0.8666666666666667,0.8,0.5217391304347826,0.3333333333333333,1.0,0.5,0.3333333333333333,1.0,0.9166666666666666,0.6666666666666666,1.0,0.875,0.16666666666666666,1.0,0.0,0.5714285714285714,0.0,1.0,0.875
G000563,0.7272727272727273,0.0,1.0,0.13333333333333333,0.7777777777777778,0.6842105263157895,1.0,1.0,1.0,0.6666666666666666,0.0,0.7272727272727273,0.8333333333333334,0.5,0.5,1.0,0.0,1.0,0.8571428571428571,1.0,1.0,0.625
G000565,0.7,0.0,1.0,0.07142857142857142,0.5,0.36363636363636365,1.0,1.0,1.0,0.6666666666666666,0.0,0.6666666666666666,0.5,0.5,0.375,1.0,0.0,1.0,0.8571428571428571,1.0,1.0,0.375
G000568,0.5833333333333334,0.0,1.0,0.1875,0.8,0.5,1.0,0.5,1.0,0.6666666666666666,0.0,0.5833333333333334,0.6666666666666666,0.5,0.625,1.0,1.0,1.0,0.8571428571428571,1.0,1.0,0.625
G000574,0.5555555555555556,1.0,1.0,1.0,0.7,0.6,0.3333333333333333,1.0,0.5,0.0,1.0,0.9090909090909091,0.6666666666666666,0.5,0.875,0.16666666666666666,1.0,0.0,0.5,0.0,0.5,0.8571428571428571
G000576,0.5714285714285714,0.0,1.0,0.0,0.8,0.4666666666666667,1.0,1.0,1.0,0.6666666666666666,0.0,0.6363636363636364,0.5,0.5,0.375,1.0,0.0,1.0,0.8333333333333334,1.0,0.5,0.5714285714285714
G000577,0.6666666666666666,0.0,1.0,0.0,0.8,0.4,1.0,1.0,1.0,0.6666666666666666,1.0,0.6363636363636364,0.8333333333333334,0.5,0.625,1.0,1.0,1.0,0.8333333333333334,1.0,0.5,0.5714285714285714
G000578,1.0,0.0,0.0,0.15384615384615385,0.42857142857142855,0.4444444444444444,1.0,1.0,1.0,1.0,0.0,0.5555555555555556,0.3333333333333333,0.5,0.6666666666666666,0.8333333333333334,0.0,0.5,0.8,0.5,0.5,0.42857142857142855
G000579,1.0,0.0,1.0,0.0,0.8571428571428571,0.45454545454545453,1.0,1.0,1.0,1.0,1.0,0.6,0.8333333333333334,0.5,1.0,0.8333333333333334,1.0,0.5,0.8333333333333334,0.5,0.5,0.42857142857142855
G000581,1.0,1.0,1.0,1.0,0.8571428571428571,0.5833333333333334,0.0,1.0,0.5,0.5,1.0,1.0,0.6666666666666666,0.5,0.8333333333333334,0.16666666666666666,1.0,0.5,0.6666666666666666,0.5,0.5,0.8571428571428571
G000583,1.0,1.0,1.0,1.0,0.8571428571428571,0.9166666666666666,0.0,1.0,0.0,0.0,1.0,1.0,0.6666666666666666,0.5,0.8333333333333334,0.16666666666666666,1.0,0.5,0.5,0.5,0.5,0.8571428571428571
G000585,1.0,1.0,1.0,1.0,1.0,0.5454545454545454,0.5,1.0,0.0,0.0,1.0,1.0,0.8,0.5,0.8333333333333334,1.0,1.0,0.5,0.75,0.5,0.5,0.8571428571428571
G000586,1.0,1.0,1.0,1.0,1.0,0.6,0.5,1.0,1.0,0.5,0.0,1.0,0.8,0.5,0.8,1.0,1.0,0.5,0.6666666666666666,0.5,0.5,0.8333333333333334
G000587,1.0,1.0,1.0,1.0,1.0,0.6,0.5,1.0,1.0,0.5,1.0,1.0,0.8,0.5,0.8333333333333334,1.0,1.0,0.5,0.6666666666666666,0.5,0.5,0.8333333333333334
G000588,1.0,1.0,1.0,0.0,0.8333333333333334,0.4,0.5,1.0,0.5,0.5,1.0,0.875,0.75,0.5,0.8333333333333334,1.0,1.0,0.5,1.0,0.5,0.5,0.8
G000589,0.0,0.0,1.0,0.0,0.6666666666666666,0.3333333333333333,0.5,1.0,1.0,0.5,0.0,0.6,0.6,0.5,0.6666666666666666,0.0,1.0,0.5,0.6666666666666666,0.5,0.5,0.16666666666666666
G000590,0.0,0.0,1.0,0.0,0.8333333333333334,0.3333333333333333,0.5,1.0,1.0,0.5,1.0,0.75,0.6,0.5,0.5,0.0,0.0,0.5,0.6666666666666666,0.5,0.5,0.3333333333333333
G000591,1.0,0.0,1.0,0.0,0.6666666666666666,0.4444444444444444,0.5,1.0,1.0,0.5,0.5,0.6,0.8,0.5,0.6666666666666666,0.0,0.0,0.5,0.6666666666666666,0.5,0.5,0.4
G000592,1.0,1.0,1.0,1.0,1.0,0.7,0.5,1.0,1.0,0.5,1.0,1.0,0.8,0.5,0.8333333333333334,0.0,1.0,0.5,0.6666666666666666,0.5,0.5,0.8333333333333334
G000593,1.0,0.3333333333333333,1.0,0.0,0.8333333333333334,0.25,0.5,1.0,1.0,0.5,1.0,0.625,0.8,0.5,0.8333333333333334,0.0,1.0,0.5,0.6666666666666666,0.5,0.5,0.5
G000594,1.0,0.3333333333333333,1.0,0.0,0.8333333333333334,0.3333333333333333,0.5,1.0,1.0,0.5,1.0,0.625,0.8,0.5,0.8333333333333334,1.0,1.0,0.5,0.6666666666666666,0.5,0.5,0.5
G000595,0.0,0.0,0.5,0.0,0.6666666666666666,0.3333333333333333,0.5,0.0,0.5,0.5,0.0,0.625,0.4,0.5,0.5,0.0,0.0,0.5,1.0,0.5,0.5,0.16666666666666666
G000596,0.0,0.0,0.0,0.0,0.16666666666666666,0.3333333333333333,0.5,0.0,0.5,0.5,0.0,0.625,0.25,0.5,0.3333333333333333,0.0,0.0,0.5,1.0,0.5,0.5,0.2
G000597,1.0,0.3333333333333333,1.0,0.0,0.8,0.25,0.5,1.0,1.0,0.5,1.0,0.625,0.8,0.5,0.8333333333333334,1.0,1.0,0.5,0.6666666666666666,0.5,0.5,0.6666666666666666
H000273,0.5,1.0,0.5,1.0,0.5,0.15384615384615385,0.5,0.5,0.5,0.5,0.5,0.5,1.0,0.5,0.5,0.0,0.5,0.5,0.5,0.5,0.5,1.0
H000324,0.45454545454545453,0.5,0.5,0.0,0.6666666666666666,0.42105263157894735,0.3333333333333333,1.0,0.0,0.0,0.5,0.75,0.0,0.5,0.25,0.0,0.0,0.0,0.5,0.0,0.0,1.0
H000601,0.5,0.0,0.5,0.0,0.5,0.8461538461538461,0.5,0.5,0.5,0.5,0.5,0.5,0.0,0.5,0.5,0.0,0.5,0.5,0.5,0.5,0.5,0.0
H000874,0.4166666666666667,1.0,1.0,0.6190476190476191,0.7,0.5,0.3333333333333333,1.0,0.5,0.3333333333333333,0.5,0.9230769230769231,0.6666666666666666,0.5,0.6,0.16666666666666666,0.5,0.0,0.5714285714285714,0.5,0.0,0.875
H001038,0.5,1.0,1.0,0.6190476190476191,0.8,0.5909090909090909,0.5,1.0,0.0,0.3333333333333333,0.5,0.8461538461538461,0.6666666666666666,0.5,0.8,0.16666666666666666,0.5,0.0,0.5714285714285714,0.5,0.0,0.8571428571428571
H001042,0.21428571428571427,0.75,0.5,1.0,0.0,0.5862068965517241,0.0,0.5,0.0,0.0,0.5,0.5,0.25,0.0,0.5,0.125,0.5,0.5,0.0,0.5,0.5,1.0
H001046,0.5,0.75,0.5,1.0,0.0,0.5862068965517241,0.0,0.5,0.0,0.0,0.5,0.5,0.25,0.0,0.5,0.125,0.5,0.5,0.0,0.5,0.5,1.0
H001047,0.6666666666666666,1.0,1.0,0.875,0.7,0.5714285714285714,0.3333333333333333,1.0,0.5,0.0,1.0,1.0,0.6666666666666666,1.0,0.875,0.16666666666666666,1.0,0.0,0.5714285714285714,0.0,0.0,0.875
H001052,0.5833333333333334,0.0,1.0,0.1875,0.7,0.45454545454545453,1.0,0.5,1.0,0.6666666666666666,0.0,0.6363636363636364,0.3333333333333333,0.5,0.375,0.8333333333333334,0.0,1.0,0.8571428571428571,1.0,1.0,0.375
H001053,0.75,0.0,1.0,0.1875,0.7777777777777778,0.55,1.0,1.0,1.0,1.0,0.0,0.7272727272727273,0.6,0.5,0.5,1.0,1.0,1.0,1.0,0.5,1.0,0.5714285714285714
H001056,0.5555555555555556,0.6666666666666666,1.0,0.14285714285714285,0.7777777777777778,0.7368421052631579,1.0,1.0,0.5,1.0,1.0,0.6666666666666666,0.8333333333333334,0.5,0.75,1.0,0.5,1.0,0.8571428571428571,0.5,1.0,0.625
H001058,0.75,0.0,1.0,0.13333333333333333,0.7777777777777778,0.5714285714285714,1.0,1.0,1.0,1.0,1.0,0.7272727272727273,0.8333333333333334,0.5,0.625,0.8333333333333334,1.0,1.0,0.8571428571428571,1.0,1.0,0.625
H001061,0.9230769230769231,0.25,0.5,0.0,1.0,0.7241379310344828,1.0,0.5,1.0,1.0,0.5,0.5,0.75,1.0,0.5,1.0,0.5,0.5,1.0,0.5,0.5,0.8
H001066,0.5,1.0,1.0,0.875,1.0,0.6666666666666666,0.5,1.0,0.0,0.5,1.0,1.0,0.8,0.5,0.8333333333333334,1.0,1.0,0.5,0.75,0.5,0.0,0.8571428571428571
H001067,0.8,0.0,1.0,0.125,0.7,0.47619047619047616,1.0,1.0,1.0,1.0,1.0,0.7272727272727273,0.8333333333333334,0.5,0.625,1.0,1.0,1.0,0.8571428571428571,1.0,1.0,0.625
H001068,0.5,1.0,1.0,0.8125,0.7,0.5217391304347826,0.3333333333333333,1.0,0.0,0.0,1.0,0.9166666666666666,0.6666666666666666,0.5,0.875,0.16666666666666666,1.0,1.0,0.5714285714285714,0.0,0.0,0.875
H001071,0.625,0.0,1.0,0.0,0.3333333333333333,0.35714285714285715,1.0,0.5,1.0,0.6666666666666666,0.5,0.6363636363636364,0.3333333333333333,0.5,0.375,0.8333333333333334,0.0,1.0,0.8333333333333334,1.0,0.5,0.42857142857142855
H001072,0.6666666666666666,0.0,1.0,0.0,0.8,0.5714285714285714,1.0,1.0,1.0,1.0,1.0,0.6363636363636364,0.8333333333333334,0.5,0.625,1.0,1.0,1.0,0.8333333333333334,0.5,0.5,0.5714285714285714
H001074,1.0,0.0,0.5,0.0,0.8333333333333334,0.3333333333333333,1.0,1.0,1.0,1.0,1.0,0.6,0.8333333333333334,0.5,0.75,0.8333333333333334,0.0,0.5,0.8333333333333334,0.5,0.5,0.3333333333333333
H001077,1.0,0.0,1.0,0.0,0.5714285714285714,0.45454545454545453,1.0,1.0,1.0,1.0,1.0,0.6666666666666666,0.3333333333333333,0.5,0.3333333333333333,0.8333333333333334,0.0,0.5,0.8333333333333334,0.5,0.5,0.3333333333333333
H001079,0.5,0.3333333333333333,0.5,0.5,0.5,0.8666666666666667,0.5,0.5,0.5,0.5,0.5,0.5,0.0,0.5,0.5,0.5,0.5,0.5,0.5,0.5,0.5,0.0
H001080,0.5,0.5,0.5,0.5,0.5,0.6666666666666666,0.5,0.5,0.5,0.5,0.5,1.0,0.5,0.5,0.5,0.5,0.5,0.5,0.5,0.5,0.5,0.5
H001081,1.0,1.0,1.0,1.0,1.0,0.7,0.5,1.0,1.0,0.5,1.0,1.0,0.8,0.5,0.8333333333333334,1.0,1.0,0.5,0.6666666666666666,0.5,0.5,0.8333333333333334
H001082,1.0,0.0,1.0,0.0,0.6666666666666666,0.3333333333333333,0.5,1.0,0.5,0.5,0.0,0.6,0.5,0.5,0.3333333333333333,0.0,0.0,0.5,1.0,0.5,0.5,0.16666666666666666
H001084,0.0,0.0,1.0,0.0,0.6666666666666666,0.25,0.5,1.0,1.0,0.5,1.0,0.625,0.6,0.5,0.6666666666666666,0.0,0.0,0.5,0.6666666666666666,0.5,0.5,0.5
H001085,1.0,1.0,1.0,1.0,1.0,0.7,0.5,1.0,1.0,0.5,1.0,1.0,0.8,0.5,0.8333333333333334,1.0,1.0,0.5,0.6666666666666666,0.5,0.5,0.8333333333333334
H001086,0.0,0.0,1.0,0.0,0.6666666666666666,0.25,0.5,1.0,1.0,0.5,1.0,0.625,0.8,0.5,0.4,0.0,0.0,0.5,0.6666666666666666,0.5,0.5,0.16666666666666666
H001088,0.5,0.5,0.5,0.0,1.0,0.4444444444444444,0.5,0.5,0.5,0.5,0.5,0.5,0.3333333333333333,0.5,0.5,0.5,0.5,0.5,1.0,0.5,0.5,0.0
H001090,1.0,1.0,1.0,1.0,1.0,0.7,0.5,1.0,1.0,0.5,1.0,1.0,0.8,0.5,0.8333333333333334,1.0,1.0,0.5,0.6666666666666666,0.5,0.5,0.8333333333333334
H001091,1.0,0.3333333333333333,1.0,0.0,0.8333333333333334,0.25,0.5,1.0,1.0,0.5,1.0,0.625,0.8,0.5,0.8333333333333334,1.0,1.0,0.5,0.6666666666666666,0.5,0.5,0.5
I000056,0.6923076923076923,0.3333333333333333,1.0,0.3,0.6,0.7058823529411765,1.0,1.0,1.0,0.6666666666666666,0.5,0.9090909090909091,0.8333333333333334,0.5,0.6,0.8333333333333334,1.0,1.0,0.8571428571428571,1.0,1.0,0.625
J000020,1.0,0.3333333333333333,1.0,0.0,0.8333333333333334,0.25,0.5,1.0,1.0,0.5,0.0,0.875,0.8,0.5,0.8333333333333334,1.0,1.0,0.5,0.6666666666666666,0.5,0.5,0.5
J000032,0.46153846153846156,1.0,1.0,0.5909090909090909,0.7,0.5416666666666666,0.3333333333333333,1.0,0.5,0.0,0.5,0.8461538461538461,0.6666666666666666,0.5,0.8,0.16666666666666666,0.5,0.0,0.5714285714285714,0.5,0.0,0.875
J000126,0.5384615384615384,1.0,1.0,0.6190476190476191,0.7,0.5416666666666666,0.5,1.0,0.0,0.0,0.5,0.8461538461538461,0.6666666666666666,0.5,0.8,0.16666666666666666,0.5,0.0,0.5714285714285714,0.0,0.0,0.875
J000288,0.5,1.0,1.0,0.7857142857142857,0.7,0.5454545454545454,0.3333333333333333,1.0,0.5,0.0,1.0,0.9090909090909091,0.6666666666666666,0.5,0.8333333333333334,0.16666666666666666,1.0,0.0,0.6666666666666666,0.0,0.0,0.8571428571428571
J000289,0.6666666666666666,0.0,1.0,0.1875,0.6,0.391304347826087,1.0,1.0,1.0,0.6666666666666666,0.0,0.6363636363636364,0.5,0.5,0.5,0.8333333333333334,0.0,1.0,0.8571428571428571,1.0,1.0,0.375
J000292,0.75,0.0,1.0,0.1875,0.8,0.6086956521739131,1.0,1.0,1.0,1.0,1.0,0.75,0.8333333333333334,0.5,0.5,1.0,1.0,1.0,0.8571428571428571,1.0,1.0,0.625
J000293,0.9285714285714286,0.3333333333333333,0.5,0.0,1.0,0.7241379310344828,1.0,0.5,1.0,1.0,0.5,0.5,0.75,1.0,0.5,1.0,0.5,0.5,1.0,0.5,0.5,0.0
J000294,0.5,1.0,1.0,0.8666666666666667,0.7,0.5217391304347826,0.3333333333333333,1.0,0.0,0.0,1.0,0.9166666666666666,0.6666666666666666,0.5,0.875,0.16666666666666666,1.0,0.0,0.5714285714285714,0.5,0.0,0.875
J000295,0.75,0.3333333333333333,1.0,0.1875,0.8,0.6363636363636364,1.0,1.0,1.0,1.0,1.0,0.8333333333333334,0.8333333333333334,0.5,0.625,1.0,1.0,0.0,0.8571428571428571,1.0,1.0,0.625
J000298,1.0,1.0,1.0,1.0,0.8571428571428571,0.5833333333333334,0.0,1.0,0.0,0.0,1.0,1.0,0.6666666666666666,0.5,0.8333333333333334,0.16666666666666666,1.0,0.5,0.5,0.5,0.5,0.8571428571428571
J000299,1.0,0.0,1.0,0.0,0.7142857142857143,0.3333333333333333,1.0,1.0,1.0,1.0,0.5,0.5555555555555556,0.6666666666666666,0.5,0.6666666666666666,0.8333333333333334,0.0,0.5,0.8333333333333334,0.5,0.5,0.5
J000301,1.0,0.0,1.0,0.0,0.8333333333333334,0.4,0.5,1.0,1.0,0.5,1.0,0.6,0.8,0.5,0.8333333333333334,1.0,0.0,0.5,0.6666666666666666,0.5,0.5,0.5
J000302,0.0,0.0,1.0,0.0,0.6666666666666666,0.3,0.5,1.0,1.0,0.5,0.0,0.6,0.8,0.5,0.5,1.0,0.0,0.5,0.6666666666666666,0.5,0.5,0.5
J000304,0.0,0.0,1.0,0.0,0.6666666666666666,0.3333333333333333,0.5,1.0,1.0,0.5,0.0,0.6666666666666666,0.4,0.5,0.5,0.0,0.0,0.5,0.6666666666666666,0.5,0.5,0.25
J000305,1.0,1.0,1.0,1.0,1.0,0.75,0.5,1.0,0.0,0.5,1.0,1.0,0.8,0.5,0.8333333333333334,1.0,1.0,0.5,0.6666666666666666,0.5,0.5,0.8333333333333334
J000306,1.0,1.0,1.0,1.0,1.0,0.6666666666666666,0.5,1.0,0.0,0.5,1.0,1.0,0.8,0.5,0.8333333333333334,1.0,1.0,0.5,0.6666666666666666,0.5,0.5,0.8333333333333334
K000009,0.4166666666666667,1.0,1.0,0.5909090909090909,0.7,0.5416666666666666,0.3333333333333333,1.0,0.0,0.3333333333333333,1.0,0.8333333333333334,0.6666666666666666,1.0,0.8,0.2,0.5,0.0,0.5714285714285714,0.0,0.0,0.8571428571428571
K000188,0.4166666666666667,1.0,1.0,0.6666666666666666,0.8,0.5652173913043478,0.3333333333333333,1.0,0.5,0.3333333333333333,0.5,1.0,0.6666666666666666,1.0,0.6666666666666666,0.16666666666666666,0.5,1.0,0.7142857142857143,0.5,0.0,0.875
K000367,0.5384615384615384,0.75,0.5,1.0,0.0,0.5862068965517241,0.0,0.5,0.0,0.0,0.5,0.5,0.25,0.0,0.5,0.125,0.5,0.5,0.0,0.5,0.5,1.0
K000368,0.8333333333333334,1.0,1.0,0.8125,0.8888888888888888,0.5714285714285714,1.0,1.0,1.0,1.0,1.0,0.9166666666666666,0.8,0.5,0.875,1.0,1.0,1.0,0.75,0.0,1.0,0.8571428571428571
K000375,0.5,1.0,1.0,0.8125,0.7,0.5454545454545454,0.3333333333333333,1.0,0.5,0.3333333333333333,1.0,0.9166666666666666,0.6666666666666666,1.0,0.875,0.16666666666666666,1.0,0.0,0.5714285714285714,0.0,1.0,0.8571428571428571
K000376,0.75,0.0,1.0,0.1875,0.8,0.5217391304347826,1.0,1.0,1.0,1.0,1.0,0.6666666666666666,0.8333333333333334,0.5,0.625,0.8333333333333334,1.0,1.0,0.8571428571428571,1.0,1.0,0.625
K000377,0.5,1.0,0.5,1.0,0.5,0.15384615384615385,0.5,0.5,0.5,0.5,0.5,0.5,1.0,0.5,0.5,1.0,0.5,0.5,0.5,0.5,0.5,1.0
K000378,0.7272727272727273,1.0,0.5,0.3333333333333333,0.6666666666666666,0.6190476190476191,1.0,1.0,1.0,1.0,1.0,0.8571428571428571,0.6666666666666666,0.5,0.25,1.0,0.5,1.0,0.8,1.0,1.0,0.8571428571428571
K000380,0.5,1.0,1.0,0.8125,0.7,0.5652173913043478,0.3333333333333333,1.0,1.0,0.0,1.0,0.9166666666666666,0.6666666666666666,0.5,0.875,0.16666666666666666,1.0,1.0,0.5714285714285714,0.0,0.0,0.875
K000381,0.8333333333333334,1.0,1.0,0.875,0.7,0.5652173913043478,0.3333333333333333,1.0,0.5,0.0,1.0,1.0,0.6666666666666666,0.5,0.75,0.16666666666666666,1.0,0.0,0.5714285714285714,0.0,1.0,0.875
K000382,0.8333333333333334,1.0,1.0,0.875,0.8,0.5652173913043478,0.3333333333333333,1.0,0.5,0.3333333333333333,1.0,1.0,0.6666666666666666,1.0,0.875,0.16666666666666666,1.0,0.0,0.5714285714285714,0.0,1.0,0.875
K000383,0.4166666666666667,0.75,0.5,1.0,0.5,0.5862068965517241,0.3333333333333333,0.5,0.0,0.0,0.5,0.5,0.25,0.0,0.5,0.125,0.5,0.5,0.5,0.5,0.5,1.0
K000384,0.5384615384615384,0.75,0.5,1.0,0.0,0.5862068965517241,0.0,0.5,0.0,0.0,0.5,0.5,0.25,0.0,0.5,0.125,0.5,0.5,0.0,0.5,0.5,1.0
K000385,0.5,1.0,1.0,0.8125,0.8,0.5652173913043478,0.3333333333333333,1.0,0.5,0.3333333333333333,1.0,0.9166666666666666,0.6666666666666666,0.5,0.875,0.16666666666666666,1.0,0.0,0.5714285714285714,0.0,0.0,0.875
K000386,0.625,1.0,1.0,0.15384615384615385,0.8,0.7333333333333333,1.0,1.0,1.0,1.0,1.0,0.9090909090909091,0.8333333333333334,0.5,0.625,1.0,1.0,1.0,0.8333333333333334,1.0,0.5,0.8571428571428571
K000388,0.7142857142857143,0.0,1.0,0.0,0.625,0.38461538461538464,1.0,1.0,1.0,0.6666666666666666,1.0,0.6,0.8333333333333334,0.5,0.42857142857142855,0.8333333333333334,0.0,1.0,0.8333333333333334,1.0,0.5,0.5714285714285714
K000389,1.0,1.0,1.0,1.0,0.8571428571428571,0.6666666666666666,0.0,1.0,0.5,0.0,1.0,1.0,0.6666666666666666,0.5,0.8,0.16666666666666666,1.0,0.5,0.5,0.5,0.5,0.8571428571428571
K000391,1.0,1.0,1.0,1.0,0.8571428571428571,0.6666666666666666,0.0,1.0,0.5,0.0,1.0,1.0,0.6666666666666666,0.5,0.8333333333333334,0.16666666666666666,1.0,0.5,0.5,0.5,0.5,0.8571428571428571
K000392,1.0,0.0,1.0,0.0,0.7142857142857143,0.5,1.0,1.0,1.0,1.0,1.0,0.6,0.8333333333333334,0.5,0.8333333333333334,0.8333333333333334,1.0,0.5,0.8333333333333334,0.5,0.5,0.5714285714285714
K000393,0.5,0.25,0.5,1.0,1.0,0.8666666666666667,1.0,0.5,1.0,0.6666666666666666,0.5,0.5,1.0,0.5,0.5,1.0,0.5,0.5,1.0,0.5,0.5,0.0
K000394,1.0,1.0,1.0,1.0,1.0,0.7,0.5,1.0,0.0,0.5,1.0,1.0,0.8,0.5,0.8333333333333334,1.0,1.0,0.5,0.6666666666666666,0.5,0.5,0.8333333333333334
K000395,1.0,0.0,1.0,0.0,0.8333333333333334,0.25,0.5,1.0,1.0,0.5,0.0,0.625,0.8,0.5,0.8333333333333334,0.0,1.0,0.5,0.6666666666666666,0.5,0.5,0.5
K000396,1.0,1.0,1.0,1.0,1.0,0.75,0.5,1.0,0.0,0.5,1.0,1.0,0.8,0.5,0.8333333333333334,1.0,1.0,0.5,0.6666666666666666,0.5,0.5,0.8333333333333334
K000397,1.0,0.0,1.0,0.0,0.8333333333333334,0.25,0.5,1.0,1.0,0.5,1.0,0.875,0.8,0.5,0.8333333333333334,1.0,1.0,0.5,0.6666666666666666,0.5,0.5,0.5
L000174,0.07142857142857142,0.75,0.5,1.0,0.0,0.5517241379310345,0.0,0.5,0.0,0.0,0.5,0.5,0.25,0.0,0.5,0.14285714285714285,0.5,0.5,0.0,0.5,0.5,1.0
L000266,1.0,0.0,1.0,0.0,0.6,0.25,0.5,1.0,1.0,0.5,1.0,0.625,0.8,0.5,0.8333333333333334,1.0,1.0,0.5,0.6666666666666666,0.5,0.5,0.5
L000273,1.0,1.0,1.0,1.0,1.0,0.75,0.5,1.0,0.0,0.5,1.0,1.0,0.75,0.5,0.8333333333333334,1.0,1.0,0.5,0.6666666666666666,0.5,0.5,0.8333333333333334
L000397,0.3333333333333333,1.0,1.0,0.5714285714285714,0.7,0.5416666666666666,0.3333333333333333,1.0,0.0,0.0,0.5,0.9090909090909091,0.6666666666666666,0.5,0.7,0.16666666666666666,0.5,1.0,0.5714285714285714,0.0,0.0,0.875
L000491,0.6923076923076923,0.0,1.0,0.3181818181818182,0.8,0.6086956521739131,1.0,1.0,1.0,1.0,0.5,0.7692307692307693,0.8333333333333334,0.5,0.6,1.0,1.0,1.0,0.8571428571428571,1.0,1.0,0.625
L000551,0.46153846153846156,1.0,1.0,0.6363636363636364,0.7,0.43478260869565216,0.0,1.0,0.0,0.0,1.0,0.9230769230769231,0.6666666666666666,0.5,0.7,0.16666666666666666,0.5,0.0,0.5714285714285714,0.5,0.0,0.8571428571428571
L000557,0.7692307692307693,1.0,1.0,0.6190476190476191,0.7,0.4782608695652174,0.3333333333333333,1.0,0.0,0.0,0.5,0.8461538461538461,0.6666666666666666,0.5,0.8,0.16666666666666666,0.5,0.0,0.5714285714285714,0.0,1.0,0.875
L000559,0.7692307692307693,1.0,1.0,0.6190476190476191,0.8,0.5416666666666666,0.3333333333333333,1.0,0.5,0.3333333333333333,0.5,0.8461538461538461,0.6666666666666666,1.0,0.7,0.16666666666666666,0.5,0.0,0.5714285714285714,0.5,0.0,0.875
L000560,0.5384615384615384,1.0,1.0,0.5909090909090909,0.7,0.5416666666666666,0.3333333333333333,1.0,0.5,0.0,0.5,0.8333333333333334,0.6666666666666666,0.5,0.7,0.16666666666666666,0.5,0.0,0.5,0.0,0.0,0.875
L000562,0.6923076923076923,1.0,1.0,0.5909090909090909,0.7777777777777778,0.5416666666666666,0.3333333333333333,1.0,0.5,0.3333333333333333,1.0,0.8333333333333334,0.6666666666666666,1.0,0.7,0.16666666666666666,0.5,0.0,0.5,0.0,0.0,0.875
L000564,0.75,0.0,1.0,0.125,0.7777777777777778,0.55,1.0,1.0,1.0,0.6666666666666666,1.0,0.8181818181818182,0.8,0.5,0.375,0.8333333333333334,0.0,1.0,0.8571428571428571,1.0,1.0,0.42857142857142855
L000566,0.75,0.0,1.0,0.1875,0.7,0.5217391304347826,1.0,1.0,1.0,1.0,1.0,0.75,0.8333333333333334,0.5,0.625,0.8333333333333334,1.0,1.0,0.8571428571428571,1.0,1.0,0.625
L000569,0.75,0.0,1.0,0.125,0.7777777777777778,0.5909090909090909,1.0,1.0,1.0,1.0,1.0,0.8181818181818182,0.8333333333333334,0.5,0.5,0.8333333333333334,1.0,1.0,0.8571428571428571,1.0,1.0,0.625
L000570,0.45454545454545453,0.5,0.5,0.0,0.5,0.5263157894736842,0.3333333333333333,1.0,0.0,0.3333333333333333,0.5,0.75,0.0,0.5,1.0,0.0,0.5,1.0,0.5,0.0,0.0,1.0
L000571,0.6363636363636364,1.0,0.5,0.6666666666666666,0.6666666666666666,0.7083333333333334,1.0,0.5,0.5,0.0,0.5,0.75,0.0,0.5,0.0,1.0,0.5,1.0,1.0,1.0,1.0,0.16666666666666666
L000575,0.9411764705882353,0.25,0.5,0.75,1.0,0.8260869565217391,1.0,0.5,1.0,1.0,0.5,0.6666666666666666,0.75,1.0,0.5,1.0,0.5,0.5,1.0,0.5,1.0,0.16666666666666666
L000576,0.8,0.0,1.0,0.125,0.8,0.45454545454545453,1.0,1.0,1.0,1.0,0.0,0.7272727272727273,0.8333333333333334,0.5,0.625,0.8333333333333334,0.0,1.0,1.0,1.0,1.0,0.625
L000577,0.7777777777777778,0.25,0.5,0.0,1.0,0.4482758620689655,0.6666666666666666,0.5,1.0,1.0,0.5,0.5,0.75,1.0,0.5,1.0,0.5,0.5,1.0,0.5,0.5,0.0
L000578,0.75,0.0,1.0,0.1875,0.5555555555555556,0.5909090909090909,1.0,1.0,1.0,1.0,0.0,0.7272727272727273,0.8333333333333334,0.5,0.5,1.0,0.0,1.0,0.8571428571428571,1.0,1.0,0.625
L000579,0.5,1.0,1.0,0.8,0.7,0.5217391304347826,0.3333333333333333,1.0,0.0,0.0,1.0,0.9166666666666666,0.6666666666666666,0.5,0.875,0.16666666666666666,1.0,1.0,0.5714285714285714,0.5,0.0,0.875
L000581,0.5555555555555556,1.0,1.0,1.0,0.7,0.6,0.3333333333333333,1.0,0.5,0.0,1.0,0.9,0.6666666666666666,0.5,0.875,0.16666666666666666,1.0,0.5,0.5,0.0,0.5,0.8571428571428571
L000582,0.5555555555555556,1.0,1.0,1.0,0.7,0.5714285714285714,0.3333333333333333,1.0,0.5,0.0,1.0,0.9090909090909091,0.6666666666666666,0.5,0.75,0.16666666666666666,1.0,0.5,0.5,0.0,0.5,0.8571428571428571
L000583,0.6666666666666666,0.0,1.0,0.0,0.6666666666666666,0.2857142857142857,1.0,1.0,1.0,0.6666666666666666,0.5,0.6,0.8333333333333334,0.5,0.5,0.8333333333333334,0.0,1.0,0.8333333333333334,1.0,0.5,0.42857142857142855
L000585,0.75,0.0,1.0,0.0,0.875,0.45454545454545453,1.0,1.0,1.0,1.0,1.0,0.6666666666666666,0.8333333333333334,0.5,0.8333333333333334,1.0,0.0,1.0,0.8333333333333334,1.0,0.5,0.5714285714285714
L000586,1.0,1.0,1.0,1.0,0.8571428571428571,0.6666666666666666,0.0,1.0,0.5,0.0,1.0,1.0,0.6,0.5,0.8333333333333334,0.16666666666666666,1.0,0.5,0.5,0.5,0.5,0.8571428571428571
L000588,1.0,1.0,1.0,1.0,1.0,0.9,0.5,1.0,1.0,0.5,1.0,1.0,0.8,0.5,0.8333333333333334,1.0,1.0,0.5,0.75,0.5,0.5,0.8333333333333334
L000589,1.0,0.0,1.0,0.0,0.6666666666666666,0.3333333333333333,0.5,1.0,1.0,0.5,0.0,0.6666666666666666,0.6666666666666666,0.5,0.5,1.0,0.0,0.5,0.75,0.5,0.5,0.5
L000590,1.0,1.0,1.0,1.0,1.0,0.7,0.5,1.0,1.0,0.5,1.0,1.0,0.8,0.5,0.8333333333333334,1.0,1.0,0.5,0.6666666666666666,0.5,0.5,0.8333333333333334
L000591,1.0,1.0,1.0,1.0,1.0,0.7,0.5,1.0,1.0,0.5,1.0,1.0,0.8,0.5,0.6666666666666666,1.0,1.0,0.5,0.6666666666666666,0.5,0.5,0.8333333333333334
L000592,1.0,1.0,1.0,1.0,1.0,0.7,0.5,1.0,0.0,0.5,1.0,1.0,0.8,0.5,0.8333333333333334,1.0,1.0,0.5,0.6666666666666666,0.5,0.5,0.8333333333333334
L000593,1.0,1.0,1.0,1.0,1.0,0.7,0.5,1.0,0.0,0.5,1.0,1.0,0.8,0.5,0.8333333333333334,1.0,1.0,0.5,0.6666666666666666,0.5,0.5,0.8333333333333334
M000087,0.45454545454545453,1.0,1.0,0.5909090909090909,0.7777777777777778,0.5,0.3333333333333333,1.0,0.0,0.0,0.5,0.9166666666666666,0.6666666666666666,0.5,0.7,0.16666666666666666,0.5,0.0,0.5714285714285714,0.0,0.0,0.8571428571428571
M000133,0.06666666666666667,0.75,0.5,0.14285714285714285,0.0,0.4666666666666667,0.0,0.5,0.0,0.0,0.0,0.3333333333333333,0.25,0.0,0.5,0.125,0.0,0.5,0.0,0.5,0.5,1.0
M000194,1.0,1.0,1.0,0.0,0.8333333333333334,0.25,0.5,1.0,1.0,0.5,1.0,0.625,0.8,0.5,0.5,0.0,1.0,0.5,0.6666666666666666,0.5,0.5,0.5
M000312,0.46153846153846156,1.0,1.0,0.5909090909090909,0.7,0.5,0.3333333333333333,1.0,0.0,0.0,0.5,0.8461538461538461,0.6666666666666666,0.5,0.7,0.16666666666666666,0.5,0.5,0.5714285714285714,0.0,0.0,0.875
M000317,1.0,1.0,1.0,0.0,0.8333333333333334,0.25,0.5,1.0,1.0,0.5,1.0,0.75,0.8,0.5,0.8333333333333334,1.0,1.0,0.5,0.6666666666666666,0.5,0.5,0.8333333333333334
M000355,0.6428571428571429,0.25,0.5,0.0,1.0,0.6551724137931034,1.0,0.5,1.0,1.0,0.5,0.5,0.5,1.0,0.5,1.0,0.5,0.5,1.0,0.5,0.5,0.8
M000639,0.4,0.6666666666666666,0.5,0.2,0.0,0.5666666666666667,0.0,0.5,0.0,0.0,0.5,0.5,0.25,0.0,0.0,0.125,0.5,0.5,0.0,0.5,0.5,1.0
M000687,1.0,1.0,1.0,1.0,1.0,0.75,0.5,1.0,0.0,0.5,1.0,1.0,0.8,0.5,0.8333333333333334,1.0,1.0,0.5,0.6666666666666666,0.5,0.5,0.8333333333333334
M000871,1.0,0.0,1.0,0.0,0.6666666666666666,0.25,0.5,1.0,1.0,0.5,0.0,0.625,0.8,0.5,1.0,1.0,0.0,0.5,0.6666666666666666,0.5,0.5,0.5
M000934,0.8461538461538461,0.25,0.5,0.7142857142857143,1.0,0.5517241379310345,1.0,0.5,1.0,1.0,0.0,0.6666666666666666,0.75,1.0,0.0,1.0,0.0,0.5,1.0,0.5,0.5,0.0
M001111,0.5384615384615384,0.75,0.5,1.0,0.0,0.5862068965517241,0.0,0.5,0.0,0.0,0.5,0.5,0.25,0.0,0.5,0.125,0.5,0.5,0.0,0.5,0.5,1.0
M001135,1.0,1.0,1.0,1.0,1.0,0.75,0.5,1.0,1.0,0.5,1.0,1.0,0.8,0.5,0.8333333333333334,1.0,1.0,0.5,0.6666666666666666,0.5,0.5,0.8333333333333334
M001136,1.0,0.0,1.0,0.0,0.6666666666666666,0.3333333333333333,0.5,1.0,1.0,0.5,1.0,0.625,0.8,0.5,0.6666666666666666,0.0,0.0,0.5,0.6666666666666666,0.5,0.5,0.5
M001137,0.5384615384615384,1.0,1.0,0.6363636363636364,0.7777777777777778,0.5909090909090909,0.5,1.0,1.0,0.5,0.5,0.8333333333333334,0.6666666666666666,0.5,0.6,0.16666666666666666,0.5,0.0,0.5714285714285714,0.0,0.0,0.8571428571428571
M001143,0.46153846153846156,1.0,1.0,0.5909090909090909,0.7,0.5416666666666666,0.3333333333333333,1.0,0.0,0.0,0.5,0.9166666666666666,0.6666666666666666,0.5,0.7,0.16666666666666666,0.5,1.0,0.5714285714285714,0.0,0.0,0.875
M001153,0.8461538461538461,0.6666666666666666,0.5,0.0,1.0,0.7241379310344828,1.0,0.5,1.0,1.0,0.5,0.5,0.25,1.0,0.5,1.0,0.5,0.5,1.0,0.5,0.5,0.8
M001156,0.6923076923076923,0.0,1.0,0.3333333333333333,0.7777777777777778,0.6521739130434783,1.0,1.0,1.0,1.0,0.5,0.8461538461538461,0.8333333333333334,0.5,0.625,1.0,1.0,1.0,0.8571428571428571,1.0,1.0,0.5714285714285714
M001157,0.7692307692307693,0.0,1.0,0.4090909090909091,0.8,0.6086956521739131,1.0,1.0,1.0,1.0,0.5,0.7692307692307693,0.8333333333333334,0.5,0.6,0.8333333333333334,1.0,1.0,0.8571428571428571,1.0,1.0,0.625
M001159,0.6923076923076923,0.0,1.0,0.3181818181818182,0.8,0.6521739130434783,1.0,1.0,1.0,1.0,0.5,0.6923076923076923,0.8333333333333334,0.5,0.5,0.8333333333333334,1.0,1.0,0.8571428571428571,1.0,1.0,0.5714285714285714
M001160,0.5384615384615384,1.0,1.0,0.6363636363636364,0.7,0.5652173913043478,0.3333333333333333,1.0,0.5,0.0,0.5,0.8461538461538461,0.6666666666666666,0.5,0.7777777777777778,0.16666666666666666,0.5,1.0,0.5714285714285714,0.5,0.0,0.875
M001163,0.46153846153846156,1.0,1.0,0.6190476190476191,0.7,0.5416666666666666,0.3333333333333333,1.0,0.5,0.0,1.0,0.8461538461538461,0.6666666666666666,0.5,0.8,0.16666666666666666,0.5,0.0,0.5714285714285714,0.0,0.0,0.875
M001165,0.75,0.0,0.5,0.125,0.8888888888888888,0.6363636363636364,1.0,1.0,1.0,1.0,1.0,0.8333333333333334,0.8333333333333334,0.5,0.625,0.8333333333333334,1.0,1.0,1.0,1.0,1.0,0.625
M001166,0.5833333333333334,1.0,1.0,0.875,0.7,0.6,0.0,1.0,0.0,0.3333333333333333,1.0,1.0,0.6666666666666666,0.5,0.875,0.16666666666666666,1.0,1.0,0.5714285714285714,0.0,0.0,0.8571428571428571
M001169,0.5,0.75,0.5,0.5,0.0,0.5172413793103449,0.0,0.5,0.0,0.0,0.5,0.5,0.25,0.0,0.5,0.0,0.5,0.5,0.0,0.5,0.5,1.0
M001176,0.07142857142857142,0.75,0.5,1.0,0.0,0.5862068965517241,0.0,0.5,0.0,0.0,0.5,0.5,0.25,0.0,0.5,0.0,0.5,0.5,0.0,0.5,0.5,1.0
M001177,0.75,0.0,0.0,0.1875,0.5,0.4782608695652174,0.6666666666666666,0.5,1.0,0.6666666666666666,0.0,0.8181818181818182,0.5,0.5,0.375,0.8333333333333334,0.0,0.0,0.8571428571428571,1.0,1.0,0.375
M001180,0.7272727272727273,0.0,1.0,0.21428571428571427,0.625,0.5652173913043478,1.0,1.0,1.0,1.0,1.0,0.7272727272727273,0.8,0.5,0.5,1.0,1.0,1.0,0.8571428571428571,1.0,1.0,0.75
M001183,0.2857142857142857,0.5,0.5,0.5,1.0,0.7857142857142857,0.3333333333333333,0.5,1.0,0.0,0.5,0.5,0.3333333333333333,1.0,0.5,0.0,0.5,0.5,0.0,0.5,0.5,0.5
M001184,0.3333333333333333,0.0,0.0,0.1875,0.2,0.2857142857142857,1.0,0.5,1.0,0.6666666666666666,0.0,0.5833333333333334,0.3333333333333333,0.5,0.2857142857142857,0.8333333333333334,0.0,0.0,0.7142857142857143,1.0,1.0,0.125
M001185,0.9166666666666666,1.0,1.0,0.8125,0.8,0.6086956521739131,0.3333333333333333,1.0,0.0,0.3333333333333333,1.0,1.0,0.6666666666666666,1.0,0.875,0.16666666666666666,1.0,0.0,0.5714285714285714,0.0,1.0,0.8571428571428571
M001186,1.0,1.0,1.0,0.0,0.8333333333333334,0.25,0.5,1.0,1.0,0.5,1.0,0.875,0.8,0.5,1.0,0.0,1.0,0.5,0.6666666666666666,0.5,0.5,0.5
M001188,0.5,1.0,1.0,0.8125,0.7,0.5454545454545454,0.3333333333333333,1.0,0.0,0.0,1.0,0.9090909090909091,0.6666666666666666,0.5,0.625,0.16666666666666666,1.0,0.0,0.5714285714285714,0.5,0.0,0.875
M001190,0.7272727272727273,0.0,1.0,0.125,0.625,0.47619047619047616,1.0,1.0,1.0,1.0,1.0,0.7272727272727273,0.6,0.5,0.42857142857142855,0.8333333333333334,0.0,1.0,0.8571428571428571,1.0,1.0,0.375
M001194,0.6666666666666666,0.0,1.0,0.0,0.7,0.4666666666666667,1.0,1.0,1.0,1.0,1.0,0.6363636363636364,0.8333333333333334,0.5,0.5,0.8333333333333334,0.0,1.0,0.8333333333333334,1.0,0.5,0.5714285714285714
M001195,0.6666666666666666,0.0,1.0,0.0,0.7,0.35714285714285715,1.0,1.0,1.0,0.6666666666666666,1.0,0.6363636363636364,0.8333333333333334,0.5,0.625,0.8333333333333334,0.0,1.0,0.8333333333333334,1.0,0.5,0.42857142857142855
M001196,0.6666666666666666,1.0,1.0,1.0,0.7,0.6666666666666666,0.3333333333333333,1.0,0.5,0.0,1.0,1.0,0.6666666666666666,0.5,0.75,0.16666666666666666,1.0,0.0,0.5,0.0,0.5,0.8571428571428571
M001198,0.5,0.0,0.5,0.0,1.0,0.7368421052631579,1.0,1.0,1.0,1.0,0.5,0.5,0.5,0.5,0.5,1.0,0.5,0.5,1.0,0.5,0.5,0.2
M001199,0.0,0.3333333333333333,1.0,0.0,0.5714285714285714,0.4,1.0,1.0,1.0,1.0,0.0,0.6,0.5,0.5,0.8333333333333334,0.8333333333333334,0.0,0.5,0.8333333333333334,0.5,0.5,0.3333333333333333
M001200,0.5,1.0,1.0,1.0,0.8,0.7272727272727273,0.0,1.0,0.0,0.0,1.0,1.0,0.6,0.5,0.8,0.0,1.0,0.5,0.5,0.5,0.5,0.8571428571428571
M001202,0.5,1.0,1.0,1.0,0.8,0.6666666666666666,0.5,1.0,0.5,0.0,1.0,1.0,0.6,0.5,0.8,0.16666666666666666,1.0,0.5,0.4,0.5,0.5,0.8571428571428571
M001203,1.0,1.0,1.0,1.0,1.0,0.7,0.5,1.0,1.0,0.5,1.0,1.0,0.8,0.5,0.8333333333333334,1.0,1.0,0.5,0.6666666666666666,0.5,0.5,0.8333333333333334
M001204,1.0,0.3333333333333333,1.0,0.0,0.6666666666666666,0.3333333333333333,0.5,1.0,1.0,0.5,1.0,0.6,0.8,0.5,0.8333333333333334,1.0,1.0,0.5,0.6666666666666666,0.5,0.5,0.5
M001205,1.0,0.0,1.0,0.0,0.6666666666666666,0.4444444444444444,0.5,1.0,1.0,0.5,1.0,0.6,0.8,0.5,0.6666666666666666,1.0,0.0,0.5,0.6666666666666666,0.5,0.5,0.5
M001206,1.0,1.0,1.0,1.0,1.0,0.7,0.5,1.0,1.0,0.5,1.0,1.0,0.8,0.5,0.8333333333333334,1.0,1.0,0.5,0.6666666666666666,0.5,0.5,0.8333333333333334
M001208,1.0,1.0,1.0,1.0,1.0,0.7,0.5,1.0,1.0,0.5,1.0,1.0,0.8,0.5,0.8333333333333334,1.0,1.0,0.5,0.6666666666666666,0.5,0.5,0.8333333333333334
M001210,1.0,0.0,1.0,0.0,0.8,0.25,0.5,1.0,0.5,0.5,1.0,0.75,0.8,0.5,0.5,0.0,1.0,0.5,0.6666666666666666,0.5,0.5,0.5
M001211,0.5,0.0,1.0,0.0,0.4,0.3333333333333333,0.5,0.5,1.0,0.5,0.0,0.625,0.5,0.5,0.6,1.0,0.0,0.5,0.6666666666666666,0.5,0.5,0.2
M001212,1.0,0.0,1.0,0.0,0.6666666666666666,0.3333333333333333,0.5,1.0,1.0,0.5,1.0,0.625,0.8,0.5,0.6666666666666666,0.0,0.0,0.5,0.6666666666666666,0.5,0.5,0.5
M001213,1.0,0.3333333333333333,1.0,0.0,0.8333333333333334,0.3333333333333333,0.5,1.0,1.0,0.5,1.0,0.625,0.8,0.5,0.8333333333333334,1.0,1.0,0.5,0.6666666666666666,0.5,0.5,0.5
M001214,1.0,1.0,1.0,1.0,1.0,0.75,0.5,1.0,1.0,0.5,1.0,1.0,0.8,0.5,0.8333333333333334,1.0,1.0,0.5,0.6666666666666666,0.5,0.5,0.8333333333333334
M001215,1.0,0.3333333333333333,1.0,0.0,0.8333333333333334,0.3333333333333333,0.5,1.0,1.0,0.5,1.0,0.625,0.8,0.5,0.8333333333333334,1.0,1.0,0.5,0.6666666666666666,0.5,0.5,0.5
N000002,0.46153846153846156,1.0,1.0,0.5909090909090909,0.7,0.5,0.3333333333333333,1.0,0.0,0.0,0.5,0.8461538461538461,0.6666666666666666,0.5,0.8888888888888888,0.2,0.5,0.0,0.5714285714285714,0.0,0.0,0.875
N000015,0.45454545454545453,1.0,1.0,0.5909090909090909,0.7,0.5217391304347826,0.3333333333333333,1.0,0.5,0.0,0.5,0.8461538461538461,0.6666666666666666,0.5,0.8,0.16666666666666666,0.5,0.0,0.5714285714285714,0.0,1.0,0.875
N000026,0.0,0.0,1.0,0.0,0.6666666666666666,0.3333333333333333,0.5,1.0,1.0,0.5,0.0,0.8333333333333334,0.8,0.5,0.5,1.0,0.0,0.5,0.6666666666666666,0.5,0.5,0.3333333333333333
N000179,0.46153846153846156,1.0,1.0,0.6190476190476191,0.7,0.5416666666666666,0.3333333333333333,1.0,0.0,0.5,0.5,0.8461538461538461,0.6666666666666666,0.5,0.6,0.16666666666666666,0.5,0.0,0.5714285714285714,0.5,0.0,0.8571428571428571
N000181,0.6363636363636364,0.5,0.5,0.7,0.8,0.6818181818181818,1.0,1.0,1.0,1.0,0.0,0.7142857142857143,0.75,0.5,0.16666666666666666,1.0,1.0,1.0,1.0,1.0,1.0,0.5
N000188,0.8888888888888888,1.0,1.0,1.0,0.7,0.6,0.3333333333333333,1.0,0.5,0.3333333333333333,1.0,0.9090909090909091,0.6666666666666666,1.0,0.625,0.0,1.0,0.0,0.5,0.5,0.0,0.8571428571428571
N000189,0.6666666666666666,1.0,1.0,0.0,0.8,0.5,1.0,1.0,1.0,1.0,1.0,0.6363636363636364,0.8333333333333334,0.5,0.625,1.0,1.0,1.0,0.8333333333333334,1.0,0.5,0.5714285714285714
N000190,0.0,0.0,0.0,0.0,0.0,0.4,0.5,0.0,0.5,1.0,0.0,0.5,0.25,0.5,0.3333333333333333,0.0,0.0,0.5,1.0,0.5,0.5,0.2857142857142857
N000191,1.0,1.0,1.0,1.0,1.0,0.7,0.5,1.0,0.0,0.5,1.0,1.0,0.8,0.5,0.8333333333333334,1.0,1.0,0.5,0.6666666666666666,0.5,0.5,0.8333333333333334
N000192,1.0,1.0,1.0,1.0,1.0,0.75,0.5,1.0,0.0,0.5,1.0,1.0,0.8,0.5,0.8333333333333334,1.0,1.0,0.5,0.6666666666666666,0.5,0.5,0.8333333333333334
O000019,1.0,1.0,1.0,0.0,0.8333333333333334,0.25,0.5,1.0,1.0,0.5,1.0,0.75,0.8,0.5,1.0,1.0,0.0,0.5,0.6666666666666666,0.5,0.5,0.5
O000086,1.0,0.3333333333333333,1.0,0.0,0.8333333333333334,0.3333333333333333,0.5,1.0,1.0,0.5,1.0,0.625,0.8,0.5,0.8333333333333334,0.0,1.0,0.5,0.6666666666666666,0.5,0.5,0.5
O000171,1.0,1.0,1.0,1.0,1.0,0.6666666666666666,0.5,1.0,0.5,0.0,1.0,1.0,0.6666666666666666,0.5,0.8,0.16666666666666666,1.0,0.5,0.5,0.5,0.5,0.8571428571428571
O000172,1.0,1.0,1.0,1.0,1.0,0.4,0.5,1.0,0.0,0.5,0.0,1.0,0.8,0.5,0.8333333333333334,1.0,1.0,0.5,0.6666666666666666,0.5,0.5,0.6666666666666666
O000173,1.0,1.0,1.0,1.0,1.0,0.6,0.5,1.0,0.0,0.5,0.0,1.0,0.8,0.5,0.8333333333333334,1.0,1.0,0.5,0.6666666666666666,0.5,0.5,0.6666666666666666
O000174,0.5,1.0,0.5,1.0,0.5,0.15384615384615385,0.5,0.5,0.5,0.5,0.5,0.5,1.0,0.5,0.5,1.0,0.5,0.5,0.5,0.5,0.5,1.0
P000034,0.5384615384615384,1.0,1.0,0.6363636363636364,0.7,0.4583333333333333,0.3333333333333333,1.0,0.0,0.0,1.0,0.8461538461538461,0.6666666666666666,0.5,0.7,0.16666666666666666,0.5,1.0,0.5714285714285714,0.0,0.0,0.875
P000048,1.0,0.0,1.0,0.0,0.6666666666666666,0.3333333333333333,0.5,1.0,1.0,0.5,1.0,0.625,0.8,0.5,0.6666666666666666,0.0,0.0,0.5,0.6666666666666666,0.5,0.5,0.5
P000096,0.5384615384615384,1.0,1.0,0.6666666666666666,0.7,0.5416666666666666,0.3333333333333333,1.0,0.0,0.3333333333333333,1.0,0.8461538461538461,0.6666666666666666,0.5,0.7777777777777778,0.16666666666666666,0.5,0.0,0.5,0.0,0.0,0.875
P000197,0.4166666666666667,1.0,0.5,0.2222222222222222,0.25,0.5882352941176471,0.3333333333333333,1.0,0.0,0.3333333333333333,0.0,0.6666666666666666,0.5,0.5,0.8333333333333334,0.16666666666666666,0.0,1.0,0.6,0.5,0.0,1.0
P000449,0.5,0.5,0.5,1.0,0.5,0.5,0.5,0.5,0.5,0.5,0.5,0.5,0.5,0.5,0.5,0.5,0.5,0.5,0.5,0.5,0.5,0.5
P000523,0.46153846153846156,1.0,1.0,0.5909090909090909,0.7,0.5416666666666666,0.3333333333333333,1.0,0.0,0.3333333333333333,0.5,0.9090909090909091,0.6666666666666666,0.5,0.6,0.16666666666666666,0.5,0.0,0.5714285714285714,0.0,0.0,0.875
P000593,0.6,1.0,1.0,0.8125,0.7,0.5652173913043478,0.6666666666666666,1.0,0.5,0.0,1.0,0.9166666666666666,0.6666666666666666,0.5,0.75,0.16666666666666666,1.0,0.0,0.5714285714285714,0.5,0.0,0.875
P000595,0.5294117647058824,0.75,0.5,0.25,0.0,0.34782608695652173,0.0,0.5,0.0,0.0,0.5,0.6666666666666666,0.25,0.0,0.5,0.125,0.5,0.5,0.3333333333333333,0.5,1.0,1.0
P000597,0.5833333333333334,1.0,1.0,0.8666666666666667,0.7777777777777778,0.4782608695652174,0.3333333333333333,1.0,0.5,0.0,1.0,0.9166666666666666,0.6666666666666666,0.5,0.875,0.16666666666666666,1.0,0.0,0.5714285714285714,0.5,0.0,0.875
P000599,0.75,0.0,1.0,0.125,0.6666666666666666,0.45454545454545453,1.0,1.0,1.0,0.6666666666666666,0.0,0.7,0.8,0.5,0.7142857142857143,0.8333333333333334,1.0,1.0,0.8333333333333334,1.0,1.0,0.625
P000601,0.75,0.0,1.0,0.13333333333333333,0.5,0.5652173913043478,1.0,1.0,1.0,0.6666666666666666,0.0,0.7,0.8,0.5,0.625,0.8,1.0,1.0,0.8571428571428571,1.0,1.0,0.625
P000603,0.5,0.0,0.5,0.0,1.0,0.4482758620689655,0.6666666666666666,0.5,1.0,1.0,0.5,0.5,1.0,1.0,0.5,1.0,0.5,0.5,1.0,0.5,0.5,0.0
P000604,0.5,1.0,1.0,0.875,0.7,0.5,0.3333333333333333,1.0,0.5,0.3333333333333333,1.0,0.9090909090909091,0.6666666666666666,0.5,0.875,0.16666666666666666,1.0,0.0,0.5714285714285714,0.0,0.0,0.875
P000605,0.6666666666666666,0.3333333333333333,1.0,0.1875,0.4,0.47368421052631576,1.0,0.5,1.0,0.6666666666666666,0.0,0.6666666666666666,0.4,0.5,0.25,0.8333333333333334,0.0,1.0,0.8333333333333334,1.0,1.0,0.375
P000607,0.5,1.0,1.0,0.8125,0.6666666666666666,0.4782608695652174,0.3333333333333333,1.0,0.0,0.0,1.0,0.9090909090909091,0.6666666666666666,0.5,0.875,0.0,1.0,0.0,0.5714285714285714,0.0,0.0,0.875
P000608,0.9090909090909091,1.0,1.0,0.9333333333333333,0.75,0.6521739130434783,0.3333333333333333,1.0,0.5,0.3333333333333333,1.0,1.0,0.6666666666666666,1.0,0.7142857142857143,0.3333333333333333,1.0,0.0,0.5714285714285714,0.0,1.0,0.875
P000609,0.6666666666666666,0.0,1.0,0.0,0.7,0.4,1.0,1.0,1.0,1.0,1.0,0.8,0.8333333333333334,0.5,0.375,0.8333333333333334,0.0,1.0,0.8333333333333334,1.0,0.5,0.42857142857142855
P000613,1.0,1.0,1.0,1.0,0.8571428571428571,0.6666666666666666,0.0,1.0,0.5,0.0,1.0,1.0,0.6666666666666666,0.5,0.8333333333333334,0.16666666666666666,1.0,0.5,0.5,0.5,0.5,0.8571428571428571
P000614,1.0,1.0,1.0,1.0,1.0,0.7,0.5,1.0,1.0,0.5,1.0,1.0,0.8,0.5,0.8333333333333334,1.0,1.0,0.5,0.6666666666666666,0.5,0.5,0.8333333333333334
P000615,1.0,0.0,1.0,0.0,0.6,0.5,0.5,1.0,1.0,0.5,0.0,0.6,0.6,0.5,0.5,0.0,0.0,0.5,0.6666666666666666,0.5,0.5,0.3333333333333333
P000616,1.0,1.0,1.0,1.0,1.0,0.7,0.5,1.0,1.0,0.5,1.0,1.0,0.8,0.5,0.8333333333333334,1.0,1.0,0.5,0.6666666666666666,0.5,0.5,0.8333333333333334
P000617,1.0,1.0,1.0,1.0,1.0,0.6,0.5,1.0,0.0,0.5,0.0,1.0,0.8,0.5,0.8333333333333334,1.0,1.0,0.5,0.6666666666666666,0.5,0.5,0.6666666666666666
P000618,1.0,1.0,1.0,1.0,1.0,0.7,0.5,1.0,0.0,0.5,1.0,1.0,0.8,0.5,0.8333333333333334,1.0,1.0,0.5,0.6666666666666666,0.5,0.5,0.8333333333333334
Q000023,0.5,1.0,1.0,0.875,0.8,0.5454545454545454,0.3333333333333333,1.0,0.0,0.3333333333333333,1.0,1.0,0.6666666666666666,0.5,0.875,0.16666666666666666,1.0,1.0,0.5714285714285714,0.0,1.0,0.875
R000103,0.0,0.0,1.0,0.0,0.0,0.3333333333333333,0.5,0.0,1.0,0.5,0.0,0.5714285714285714,0.2,0.5,0.5,0.0,0.0,0.5,0.6666666666666666,0.5,0.5,0.16666666666666666
R000122,0.21428571428571427,0.75,0.5,1.0,0.0,0.5862068965517241,0.0,0.5,0.0,0.0,0.5,0.5,0.25,0.0,0.5,0.125,0.5,0.5,0.0,0.5,0.5,1.0
R000305,1.0,1.0,1.0,1.0,1.0,0.75,0.5,1.0,1.0,0.5,1.0,1.0,0.8,0.5,0.8333333333333334,1.0,1.0,0.5,0.6666666666666666,0.5,0.5,0.8333333333333334
R000395,0.6923076923076923,0.0,1.0,0.36363636363636365,0.7,0.6086956521739131,1.0,1.0,1.0,1.0,0.5,0.6923076923076923,0.8333333333333334,0.5,0.6,1.0,1.0,1.0,0.8571428571428571,1.0,1.0,0.625
R000486,0.5,1.0,1.0,0.5909090909090909,0.7,0.5416666666666666,0.3333333333333333,1.0,0.5,0.3333333333333333,0.5,0.9166666666666666,0.6666666666666666,0.5,0.8,0.16666666666666666,0.5,0.0,0.5714285714285714,0.0,0.0,0.875
R000515,0.5555555555555556,1.0,1.0,0.65,0.8888888888888888,0.5882352941176471,1.0,1.0,1.0,0.5,0.5,0.8181818181818182,0.8,0.5,0.7,0.2,0.5,0.5,0.75,0.5,0.0,0.8333333333333334
R000575,0.6923076923076923,0.0,1.0,0.4,0.7,0.5,1.0,1.0,1.0,1.0,0.5,0.9090909090909091,0.8333333333333334,0.5,0.6,0.8333333333333334,0.5,1.0,0.8571428571428571,1.0,1.0,0.625
R000576,0.7692307692307693,1.0,1.0,0.6818181818181818,0.8,0.5416666666666666,0.3333333333333333,1.0,0.5,0.3333333333333333,0.5,0.8333333333333334,0.6666666666666666,0.5,0.6,0.16666666666666666,1.0,0.5,0.5714285714285714,0.0,0.0,0.875
R000577,0.6153846153846154,1.0,1.0,0.5909090909090909,0.7,0.5416666666666666,0.3333333333333333,1.0,0.5,0.3333333333333333,1.0,1.0,0.6666666666666666,1.0,0.8,0.16666666666666666,0.0,0.5,0.5714285714285714,0.0,0.0,0.8333333333333334
R000584,0.5,0.5,0.5,0.5,0.5,0.18181818181818182,0.0,0.5,0.5,0.5,0.5,0.5,0.5,0.5,0.5,0.5,0.5,0.5,0.5,0.5,0.5,0.5
R000585,0.7272727272727273,1.0,0.5,0.25,0.8,0.6363636363636364,1.0,1.0,1.0,1.0,1.0,0.7,0.75,0.5,0.5,1.0,0.5,1.0,1.0,1.0,1.0,0.8333333333333334
R000595,1.0,0.3333333333333333,0.5,1.0,1.0,0.5172413793103449,1.0,0.5,1.0,1.0,0.5,0.5,0.75,1.0,0.5,0.875,0.5,0.5,1.0,0.5,0.5,0.0
R000597,0.75,0.3333333333333333,1.0,0.1875,0.7,0.45454545454545453,1.0,1.0,1.0,0.6666666666666666,1.0,0.6363636363636364,0.8333333333333334,0.5,0.5714285714285714,1.0,1.0,1.0,0.8571428571428571,1.0,1.0,0.7142857142857143
R000599,0.9090909090909091,1.0,1.0,0.8666666666666667,0.7,0.6521739130434783,0.3333333333333333,1.0,0.0,0.3333333333333333,1.0,1.0,0.6666666666666666,1.0,0.75,0.16666666666666666,1.0,1.0,0.5714285714285714,0.0,1.0,0.875
R000602,1.0,1.0,1.0,1.0,0.625,0.6153846153846154,0.0,1.0,0.5,0.3333333333333333,1.0,1.0,0.6666666666666666,1.0,0.5714285714285714,0.16666666666666666,1.0,0.0,0.4,0.0,0.5,0.8333333333333334
R000603,0.75,0.0,1.0,0.0,0.7,0.35714285714285715,1.0,1.0,1.0,1.0,0.0,0.6363636363636364,0.8333333333333334,0.5,0.625,1.0,1.0,1.0,0.8333333333333334,1.0,0.5,0.5714285714285714
R000605,0.9285714285714286,0.25,0.5,0.0,1.0,0.8,1.0,0.5,1.0,1.0,0.5,0.5,0.75,1.0,0.5,1.0,0.5,0.5,1.0,0.5,0.5,0.0
R000606,1.0,1.0,1.0,1.0,0.8571428571428571,0.6666666666666666,0.0,1.0,0.0,0.0,1.0,1.0,0.6666666666666666,0.5,0.8333333333333334,0.16666666666666666,1.0,0.5,0.5,0.5,0.5,0.8571428571428571
R000608,0.5,0.5,0.5,0.5,0.0,0.5,0.0,1.0,0.0,0.0,0.5,0.5,0.0,0.5,0.5,0.0,0.5,0.5,0.3333333333333333,0.5,0.5,1.0
R000609,1.0,0.0,1.0,0.0,0.6666666666666666,0.5,1.0,1.0,1.0,1.0,1.0,0.6666666666666666,0.8,0.5,0.6666666666666666,0.8333333333333334,0.0,0.5,0.8333333333333334,0.5,0.5,0.5714285714285714
R000610,1.0,0.0,1.0,0.0,0.8333333333333334,0.3,0.5,1.0,1.0,0.5,1.0,0.6,0.8,0.5,0.8333333333333334,0.0,1.0,0.5,0.6666666666666666,0.5,0.5,0.5
R000612,0.0,0.0,1.0,0.0,0.6666666666666666,0.3333333333333333,0.5,1.0,1.0,0.5,0.0,0.6,0.8,0.5,0.5,0.0,0.0,0.5,0.6666666666666666,0.5,0.5,0.5
R000614,0.0,0.0,0.0,0.0,0.16666666666666666,0.3333333333333333,0.5,0.0,0.5,0.5,0.0,0.5,0.2,0.5,0.5,0.0,0.0,0.5,0.6666666666666666,0.5,0.5,0.0
R000615,0.5,1.0,0.5,0.0,0.5,0.8666666666666667,0.5,0.5,0.5,0.5,0.5,0.5,0.0,0.5,0.5,1.0,0.5,0.5,0.5,0.5,0.5,0.8
S000033,0.0,0.75,0.5,0.14285714285714285,0.5,0.25,0.5,0.5,0.5,0.5,1.0,0.3333333333333333,1.0,0.5,0.5,0.0,0.5,0.5,0.5,0.5,0.5,1.0
S000148,0.21428571428571427,0.75,0.5,1.0,0.0,0.5862068965517241,0.0,0.5,0.0,0.0,0.5,0.0,0.25,0.0,0.5,0.125,0.5,0.5,0.0,0.5,0.5,0.8
S000168,1.0,0.3333333333333333,1.0,0.0,0.8333333333333334,0.25,0.5,1.0,1.0,0.5,1.0,0.75,0.8,0.5,0.8333333333333334,1.0,1.0,0.5,0.6666666666666666,0.5,0.5,0.5
S000185,0.5384615384615384,1.0,1.0,0.5909090909090909,0.7,0.5416666666666666,0.3333333333333333,1.0,0.0,0.0,0.5,0.8461538461538461,0.6666666666666666,0.5,0.7,0.16666666666666666,0.5,0.0,0.5714285714285714,0.5,0.0,0.875
S000250,0.6153846153846154,0.0,1.0,0.3333333333333333,0.6,0.6470588235294118,1.0,1.0,1.0,1.0,0.5,0.7272727272727273,0.6666666666666666,0.5,0.4,0.8333333333333334,0.5,1.0,0.8571428571428571,1.0,1.0,0.625
S000320,0.9285714285714286,0.25,0.5,0.0,1.0,0.5862068965517241,1.0,0.5,1.0,1.0,0.5,0.5,0.75,1.0,0.5,1.0,0.5,0.5,1.0,0.5,0.5,0.0
S000344,0.5384615384615384,1.0,1.0,0.5909090909090909,0.7,0.5416666666666666,0.3333333333333333,1.0,0.5,0.3333333333333333,0.5,0.8461538461538461,0.6666666666666666,0.5,0.6,0.16666666666666666,0.5,0.0,0.5714285714285714,0.0,0.0,0.875
S000510,0.46153846153846156,1.0,1.0,0.6666666666666666,0.7,0.5416666666666666,1.0,1.0,0.0,0.0,0.5,1.0,0.6666666666666666,0.5,0.6,0.16666666666666666,0.5,0.0,0.6666666666666666,0.0,0.5,0.8571428571428571
S000522,0.7692307692307693,0.0,1.0,0.4090909090909091,0.8,0.782608695652174,1.0,1.0,0.5,0.6666666666666666,0.5,0.7692307692307693,0.8333333333333334,0.5,0.6,0.8333333333333334,1.0,1.0,0.5714285714285714,1.0,1.0,1.0
S000770,0.5,0.75,0.5,1.0,0.0,0.5862068965517241,0.0,0.5,0.0,0.0,0.5,0.5,0.25,0.0,0.5,0.125,0.5,0.5,0.0,0.5,0.5,1.0
S000929,1.0,0.0,1.0,0.0,0.8333333333333334,0.3333333333333333,0.5,1.0,1.0,0.5,1.0,0.625,0.8,0.5,1.0,0.0,1.0,0.5,0.6666666666666666,0.5,0.5,0.4
S001135,1.0,0.0,1.0,0.0,0.8333333333333334,0.25,0.5,1.0,1.0,0.5,1.0,0.7142857142857143,0.6,0.5,1.0,0.0,1.0,0.5,0.6666666666666666,0.5,0.5,0.5
S001145,0.5454545454545454,1.0,1.0,0.6363636363636364,0.7,0.5,0.3333333333333333,1.0,0.0,0.0,1.0,0.8461538461538461,0.6666666666666666,0.5,0.7,0.16666666666666666,0.5,0.5,0.5714285714285714,0.0,0.0,0.875
S001148,0.6923076923076923,0.3333333333333333,1.0,0.3333333333333333,0.6666666666666666,0.6363636363636364,1.0,1.0,1.0,1.0,0.5,0.5555555555555556,0.8333333333333334,0.5,0.4,1.0,1.0,1.0,0.8333333333333334,1.0,1.0,0.625
S001150,0.46153846153846156,1.0,1.0,0.6363636363636364,0.8,0.5416666666666666,0.3333333333333333,1.0,0.5,0.3333333333333333,0.5,0.8461538461538461,0.6666666666666666,0.5,0.8,0.16666666666666666,0.5,0.0,0.5714285714285714,0.0,0.0,0.875
S001156,0.4166666666666667,1.0,1.0,0.65,0.7,0.45454545454545453,0.0,1.0,0.5,0.3333333333333333,1.0,0.8461538461538461,0.6666666666666666,0.5,0.8,0.16666666666666666,0.5,0.0,0.5714285714285714,0.5,1.0,0.875
S001157,0.6666666666666666,1.0,1.0,0.6666666666666666,0.8,0.6086956521739131,0.5,1.0,0.5,0.3333333333333333,0.5,0.9230769230769231,0.6666666666666666,1.0,0.6,0.16666666666666666,0.5,0.0,0.5714285714285714,0.0,0.0,0.875
S001159,1.0,1.0,1.0,1.0,1.0,0.75,0.5,1.0,1.0,0.5,1.0,1.0,0.8,0.5,0.8,1.0,1.0,0.5,0.6666666666666666,0.5,0.5,0.8333333333333334
S001165,0.5,1.0,1.0,0.875,0.75,0.5652173913043478,1.0,1.0,0.0,0.0,1.0,0.9090909090909091,0.6666666666666666,0.5,0.75,0.16666666666666666,0.5,0.0,0.6,0.5,0.0,0.8571428571428571
S001168,0.5,1.0,1.0,0.875,0.7,0.5652173913043478,0.3333333333333333,1.0,0.0,0.0,1.0,0.9166666666666666,0.6666666666666666,0.5,0.875,0.16666666666666666,1.0,0.0,0.5714285714285714,0.0,0.0,0.875
S001172,0.75,0.0,1.0,0.07142857142857142,0.7,0.5454545454545454,1.0,1.0,1.0,1.0,1.0,0.6363636363636364,0.8333333333333334,0.5,0.625,0.8333333333333334,1.0,1.0,0.8333333333333334,1.0,1.0,0.625
S001175,0.45454545454545453,1.0,1.0,0.875,0.7,0.5454545454545454,0.0,1.0,0.5,0.0,1.0,0.9090909090909091,0.6666666666666666,0.5,0.8571428571428571,0.16666666666666666,1.0,0.0,0.5,0.5,0.0,0.8571428571428571
S001176,0.8,0.0,1.0,0.125,0.7777777777777778,0.5909090909090909,1.0,0.5,1.0,1.0,1.0,0.6666666666666666,0.8333333333333334,0.5,0.375,0.8333333333333334,1.0,1.0,1.0,1.0,1.0,0.5714285714285714
S001180,0.5,1.0,1.0,0.8125,0.8,0.5,0.3333333333333333,1.0,0.5,0.3333333333333333,1.0,0.9166666666666666,0.6666666666666666,1.0,0.875,0.3333333333333333,1.0,0.0,0.5714285714285714,0.0,0.0,0.875
S001181,0.5,0.75,0.5,1.0,0.0,0.5862068965517241,0.0,0.5,0.0,0.0,0.5,0.5,0.25,0.0,0.5,0.125,0.5,0.5,0.0,0.5,0.5,1.0
S001183,0.75,0.0,1.0,0.1875,0.7,0.5,1.0,1.0,1.0,1.0,0.0,0.75,0.6666666666666666,0.5,0.75,0.8333333333333334,1.0,1.0,0.8571428571428571,1.0,1.0,0.375
S001184,0.5,0.25,0.5,0.0,1.0,0.7333333333333333,1.0,0.5,1.0,1.0,0.5,0.5,0.6666666666666666,0.5,0.5,0.875,0.5,0.5,1.0,0.5,0.5,0.0
S001185,0.5,1.0,1.0,0.8125,0.8,0.5454545454545454,0.3333333333333333,1.0,0.5,0.3333333333333333,1.0,0.9166666666666666,0.6666666666666666,1.0,0.75,0.16666666666666666,1.0,0.0,0.5714285714285714,0.0,0.0,0.875
S001187,0.7777777777777778,0.5,0.5,0.75,0.8,0.6842105263157895,1.0,1.0,1.0,1.0,0.5,0.75,1.0,0.5,0.0,1.0,0.5,1.0,1.0,1.0,1.0,1.0
S001189,0.75,0.0,1.0,0.125,0.7,0.4782608695652174,1.0,1.0,1.0,0.6666666666666666,1.0,0.6666666666666666,0.8333333333333334,0.5,0.625,0.8333333333333334,0.0,1.0,0.8571428571428571,1.0,1.0,0.625
S001190,0.75,1.0,1.0,0.9333333333333333,0.8571428571428571,0.65,0.0,1.0,0.5,0.0,1.0,1.0,0.6666666666666666,0.5,0.8333333333333334,0.16666666666666666,1.0,0.5,0.5714285714285714,0.5,1.0,0.875
S001191,0.9090909090909091,0.75,0.5,0.3333333333333333,0.75,0.5,0.6666666666666666,1.0,0.0,0.3333333333333333,0.5,1.0,0.5,1.0,0.0,0.3333333333333333,0.5,0.0,0.75,0.0,1.0,1.0
S001192,0.75,0.3333333333333333,1.0,0.125,0.8,0.6363636363636364,1.0,1.0,1.0,0.6666666666666666,1.0,0.6666666666666666,0.8,0.5,0.75,0.75,1.0,1.0,0.8333333333333334,1.0,1.0,0.5714285714285714
S001193,0.5,1.0,1.0,0.8666666666666667,0.8,0.5217391304347826,0.3333333333333333,1.0,0.5,0.0,1.0,0.9166666666666666,0.6666666666666666,0.5,0.875,0.16666666666666666,1.0,0.0,0.5714285714285714,0.0,0.0,0.875
S001194,0.2857142857142857,0.75,0.5,1.0,0.0,0.5862068965517241,0.0,0.5,0.0,0.0,0.5,0.5,0.25,0.0,0.5,0.14285714285714285,0.5,0.5,0.0,0.5,0.5,1.0
S001195,0.75,0.0,1.0,0.1875,0.8,0.5,1.0,1.0,1.0,0.6666666666666666,1.0,0.6,0.6666666666666666,0.5,0.625,0.8333333333333334,1.0,1.0,0.8333333333333334,1.0,1.0,0.625
S001196,0.6666666666666666,0.3333333333333333,1.0,0.0,0.7,0.7857142857142857,1.0,1.0,1.0,1.0,1.0,0.8181818181818182,0.8333333333333334,0.5,0.625,0.8333333333333334,1.0,1.0,0.8333333333333334,1.0,0.5,0.5714285714285714
S001198,0.9285714285714286,1.0,0.5,0.0,1.0,0.8666666666666667,1.0,0.5,1.0,1.0,0.5,0.5,0.75,1.0,0.5,0.8571428571428571,0.5,0.5,1.0,0.5,0.5,0.4
S001199,1.0,0.0,1.0,0.0,0.8571428571428571,0.45454545454545453,1.0,1.0,1.0,1.0,0.0,0.6,0.8333333333333334,0.5,0.8333333333333334,0.8333333333333334,1.0,0.5,0.8333333333333334,0.5,0.5,0.5714285714285714
S001200,1.0,1.0,1.0,1.0,0.8571428571428571,0.6666666666666666,0.0,1.0,0.5,0.0,1.0,1.0,0.6666666666666666,0.5,0.8333333333333334,0.16666666666666666,1.0,0.5,0.5,0.5,0.5,0.8571428571428571
S001201,1.0,1.0,1.0,1.0,0.8571428571428571,0.6666666666666666,0.0,1.0,0.5,0.0,1.0,1.0,0.6666666666666666,0.5,0.8333333333333334,0.16666666666666666,1.0,0.5,0.5,0.5,0.5,0.8333333333333334
S001203,0.5,0.75,0.5,1.0,0.5,0.26666666666666666,0.5,0.5,0.5,0.5,0.5,0.5,1.0,0.5,0.5,1.0,0.5,0.5,0.5,0.5,0.5,1.0
S001205,1.0,1.0,1.0,1.0,1.0,0.7,0.5,1.0,0.5,0.5,1.0,1.0,0.8,0.5,0.8333333333333334,1.0,1.0,0.5,0.6666666666666666,0.5,0.5,0.8333333333333334
S001207,1.0,1.0,1.0,1.0,1.0,0.8,0.5,1.0,1.0,0.5,1.0,1.0,0.8,0.5,0.8333333333333334,1.0,1.0,0.5,0.6666666666666666,0.5,0.5,0.8333333333333334
S001208,1.0,1.0,1.0,0.9230769230769231,1.0,0.7,0.5,1.0,1.0,0.5,1.0,1.0,0.75,0.5,0.8333333333333334,1.0,1.0,0.5,0.5,0.5,0.5,0.8333333333333334
S001209,1.0,1.0,1.0,1.0,1.0,0.8,0.5,1.0,1.0,0.5,1.0,1.0,0.75,0.5,0.8333333333333334,1.0,1.0,0.5,0.6666666666666666,0.5,0.5,0.8333333333333334
S001211,1.0,1.0,1.0,1.0,1.0,0.7,0.5,1.0,1.0,0.5,1.0,1.0,0.8,0.5,0.8333333333333334,1.0,1.0,0.5,0.6666666666666666,0.5,0.5,0.8333333333333334
S001212,1.0,0.0,1.0,0.0,0.6,0.4444444444444444,0.5,1.0,1.0,0.5,1.0,0.8,0.8,0.5,0.6666666666666666,1.0,0.0,0.5,0.6666666666666666,0.5,0.5,0.5
S001213,1.0,0.3333333333333333,1.0,0.0,0.8333333333333334,0.4,0.5,1.0,1.0,0.5,1.0,0.7,0.8,0.5,0.8333333333333334,0.0,0.0,0.5,0.6666666666666666,0.5,0.5,0.5
S001214,0.0,0.0,1.0,0.0,0.6666666666666666,0.3,0.5,1.0,1.0,0.5,0.0,0.5555555555555556,0.5,0.5,0.6666666666666666,0.0,0.0,0.5,0.6666666666666666,0.5,0.5,0.16666666666666666
S001215,1.0,1.0,1.0,1.0,1.0,0.7,0.5,1.0,1.0,0.5,1.0,1.0,0.8,0.5,0.8333333333333334,1.0,1.0,0.5,0.6666666666666666,0.5,0.5,0.8333333333333334
S001216,1.0,1.0,1.0,1.0,1.0,0.7,0.5,1.0,1.0,0.5,1.0,1.0,0.8,0.5,0.8333333333333334,1.0,1.0,0.5,0.6666666666666666,0.5,0.5,0.8333333333333334
S001217,0.5,0.3333333333333333,0.5,0.0,0.5,0.8666666666666667,0.5,0.5,0.5,0.5,0.5,0.5,0.0,0.5,0.5,0.0,0.5,0.5,0.5,0.5,0.5,0.0
T000165,1.0,0.0,1.0,0.0,0.8333333333333334,0.25,0.5,1.0,0.5,0.5,0.0,0.5714285714285714,0.6,0.5,0.6666666666666666,0.0,0.0,0.5,0.6666666666666666,0.5,0.5,0.5
T000193,0.46153846153846156,1.0,1.0,0.5909090909090909,0.7,0.42857142857142855,0.3333333333333333,1.0,0.0,0.0,0.5,0.8461538461538461,0.6666666666666666,0.5,0.8,0.16666666666666666,0.5,0.0,0.6666666666666666,0.0,0.0,0.875
T000250,0.9285714285714286,0.3333333333333333,0.5,0.0,1.0,0.6206896551724138,1.0,0.5,1.0,1.0,0.5,0.5,0.75,1.0,0.5,1.0,0.5,0.5,1.0,0.5,0.5,0.0
T000278,0.5,0.0,0.5,0.0,0.5,0.8461538461538461,0.5,0.5,0.5,0.5,0.5,0.5,0.0,0.5,0.5,1.0,0.5,0.5,0.5,0.5,0.5,0.0
T000460,0.5,1.0,1.0,0.5909090909090909,0.7,0.5416666666666666,0.3333333333333333,1.0,0.5,0.3333333333333333,0.5,0.9230769230769231,0.6666666666666666,0.5,0.7,0.16666666666666666,0.5,0.0,0.5714285714285714,0.0,0.0,0.875
T000461,0.5,0.3333333333333333,0.5,0.0,1.0,0.7142857142857143,1.0,0.5,1.0,1.0,0.5,0.5,0.6666666666666666,0.5,0.5,0.875,0.5,0.5,1.0,0.5,0.5,0.0
T000463,0.6923076923076923,0.5,1.0,0.36363636363636365,0.8,0.6086956521739131,1.0,1.0,1.0,1.0,0.5,0.6153846153846154,0.8333333333333334,0.5,0.5,1.0,0.5,1.0,0.8571428571428571,1.0,1.0,0.625
T000464,0.5,0.75,0.5,1.0,0.5,0.5862068965517241,0.3333333333333333,0.5,0.0,0.0,0.5,0.5,0.25,0.0,0.5,0.125,0.5,0.5,0.0,0.5,0.5,1.0
T000467,0.75,0.0,1.0,0.125,0.8,0.5652173913043478,1.0,1.0,1.0,1.0,1.0,0.8333333333333334,0.8333333333333334,0.5,0.625,0.8333333333333334,1.0,0.0,0.8571428571428571,1.0,1.0,0.625
T000468,0.5,1.0,1.0,0.875,0.8,0.5652173913043478,0.3333333333333333,1.0,0.0,0.0,1.0,0.9166666666666666,0.6666666666666666,0.5,0.875,0.16666666666666666,1.0,0.5,0.5714285714285714,0.0,1.0,0.875
T000469,0.5,1.0,1.0,0.8125,0.7,0.5217391304347826,0.3333333333333333,1.0,0.0,0.0,1.0,0.9166666666666666,0.6666666666666666,0.5,0.875,0.2,1.0,0.0,0.5714285714285714,0.0,0.0,0.875
T000472,0.5,1.0,1.0,0.8125,0.7,0.5217391304347826,0.3333333333333333,1.0,0.0,0.0,1.0,0.9166666666666666,0.6666666666666666,0.5,0.875,0.16666666666666666,1.0,1.0,0.5714285714285714,0.0,0.0,0.875
T000474,0.5555555555555556,1.0,1.0,1.0,0.8888888888888888,0.6,0.3333333333333333,1.0,0.5,0.3333333333333333,1.0,0.9090909090909091,0.6666666666666666,0.5,0.875,0.0,1.0,0.0,0.5,0.0,0.5,0.8571428571428571
T000478,1.0,0.0,1.0,0.0,0.7142857142857143,0.5,1.0,1.0,1.0,1.0,1.0,0.625,0.8333333333333334,0.5,0.8333333333333334,0.8333333333333334,0.0,0.5,0.8333333333333334,0.5,0.5,0.5714285714285714
T000479,0.0,0.0,1.0,0.0,0.5,0.3,0.5,1.0,1.0,0.5,0.0,0.6,0.4,0.5,0.6666666666666666,0.0,0.0,0.5,0.6666666666666666,0.5,0.5,0.16666666666666666
T000480,1.0,0.0,1.0,0.0,0.6666666666666666,0.3,0.5,1.0,1.0,0.5,0.0,0.6,0.8,0.5,0.6666666666666666,0.0,0.0,0.5,0.6666666666666666,0.5,0.5,0.3333333333333333
T000481,1.0,1.0,1.0,1.0,1.0,0.6,0.5,1.0,0.0,0.5,0.0,1.0,0.8,0.5,0.8333333333333334,0.0,1.0,0.5,0.6666666666666666,0.5,0.5,0.6666666666666666
T000482,1.0,1.0,1.0,1.0,1.0,0.7,0.5,1.0,1.0,0.5,1.0,1.0,0.8,0.5,0.8333333333333334,1.0,1.0,0.5,0.6666666666666666,0.5,0.5,0.8333333333333334
T000483,1.0,1.0,1.0,1.0,1.0,0.7,0.5,1.0,1.0,0.5,1.0,1.0,0.8,0.5,0.8333333333333334,1.0,1.0,0.5,0.6666666666666666,0.5,0.5,0.8333333333333334
T000486,1.0,1.0,1.0,1.0,1.0,0.75,0.5,1.0,0.0,0.5,1.0,1.0,0.8,0.5,1.0,1.0,1.0,0.5,0.6666666666666666,0.5,0.5,0.8333333333333334
U000031,0.6923076923076923,0.3333333333333333,1.0,0.4090909090909091,0.8,0.625,1.0,1.0,1.0,1.0,0.5,0.8461538461538461,0.8333333333333334,0.5,0.6,1.0,1.0,1.0,0.7142857142857143,1.0,1.0,0.75
U000040,1.0,1.0,1.0,1.0,1.0,0.7,0.5,1.0,0.0,0.5,1.0,1.0,0.8,0.5,0.8333333333333334,1.0,1.0,0.5,0.6666666666666666,0.5,0.5,0.8333333333333334
V000081,0.46153846153846156,1.0,1.0,0.5909090909090909,0.7777777777777778,0.34782608695652173,0.3333333333333333,1.0,0.0,0.0,0.5,0.8461538461538461,0.6666666666666666,0.5,0.7,0.16666666666666666,0.5,0.0,0.5714285714285714,0.5,0.0,0.875
V000128,0.4166666666666667,0.75,0.5,0.3,0.25,0.3333333333333333,0.3333333333333333,0.5,0.0,0.25,0.0,0.4,0.3333333333333333,0.5,0.5,0.125,0.0,0.0,0.3333333333333333,0.0,0.0,1.0
V000129,0.75,0.3333333333333333,1.0,0.125,0.8,0.6875,1.0,1.0,1.0,1.0,1.0,0.8,0.8333333333333334,0.5,0.625,1.0,1.0,1.0,0.8571428571428571,1.0,1.0,0.625
V000130,0.5,1.0,1.0,0.9285714285714286,0.7777777777777778,0.5217391304347826,0.3333333333333333,1.0,0.5,0.3333333333333333,1.0,0.9090909090909091,0.6666666666666666,0.5,0.625,0.16666666666666666,1.0,0.0,0.5714285714285714,0.0,0.0,0.8571428571428571
V000131,0.75,1.0,1.0,0.875,0.8,0.5652173913043478,0.3333333333333333,1.0,0.5,0.3333333333333333,1.0,0.9166666666666666,0.6666666666666666,1.0,0.75,0.16666666666666666,1.0,0.0,0.5714285714285714,0.0,0.0,0.875
V000132,0.6363636363636364,1.0,0.5,0.5,0.6,0.47619047619047616,0.3333333333333333,1.0,0.0,0.6666666666666666,0.5,0.8888888888888888,0.5,1.0,0.25,0.2,0.5,0.0,0.8,0.0,1.0,0.8333333333333334
V000133,0.0,0.3333333333333333,1.0,0.0,0.5,0.7777777777777778,0.5,1.0,1.0,0.5,0.0,0.7,0.8,0.5,0.5,1.0,0.0,0.5,0.6666666666666666,0.5,0.5,0.8333333333333334
V000134,0.0,0.0,1.0,0.0,0.8333333333333334,0.25,0.5,0.0,1.0,0.5,0.0,0.7142857142857143,0.8,0.5,0.5,1.0,0.0,0.5,0.6666666666666666,0.5,0.5,0.5
W000187,0.4166666666666667,1.0,1.0,0.6666666666666666,0.7777777777777778,0.5,0.3333333333333333,1.0,0.0,0.3333333333333333,1.0,0.8461538461538461,0.6666666666666666,0.5,0.7,0.16666666666666666,0.0,0.0,0.5714285714285714,0.5,0.0,1.0
W000437,0.9333333333333333,0.25,0.5,0.7142857142857143,1.0,0.6896551724137931,1.0,0.5,1.0,1.0,0.0,0.6666666666666666,0.75,1.0,0.5,1.0,1.0,0.5,1.0,0.5,0.5,0.4
W000779,0.07142857142857142,0.75,0.5,1.0,0.0,0.5862068965517241,0.0,0.5,0.0,0.0,0.5,0.5,0.25,0.0,0.5,0.125,0.5,0.5,0.0,0.5,0.5,1.0
W000788,1.0,1.0,1.0,1.0,1.0,0.75,0.5,1.0,0.0,0.5,1.0,1.0,0.8,0.5,0.8333333333333334,1.0,1.0,0.5,0.6666666666666666,0.5,0.5,0.8333333333333334
W000790,0.5,1.0,0.5,0.5,0.5,0.15384615384615385,0.5,0.5,0.5,0.5,0.5,0.5,0.5,0.5,0.5,0.5,0.5,0.5,0.5,0.5,0.5,1.0
W000795,0.6923076923076923,0.0,1.0,0.36363636363636365,0.7,0.5833333333333334,1.0,1.0,1.0,1.0,0.5,0.75,0.8333333333333334,0.5,0.6,0.8333333333333334,0.5,1.0,0.8571428571428571,1.0,1.0,0.625
W000797,0.46153846153846156,1.0,1.0,0.5909090909090909,0.7,0.5833333333333334,0.3333333333333333,1.0,0.5,0.3333333333333333,0.5,0.8461538461538461,0.6666666666666666,0.5,0.7,0.16666666666666666,0.5,1.0,0.5714285714285714,0.0,0.0,0.875
W000798,0.75,0.0,1.0,0.1875,0.7,0.5454545454545454,1.0,1.0,1.0,1.0,1.0,0.75,0.8333333333333334,0.5,0.625,0.8333333333333334,0.0,1.0,0.8571428571428571,1.0,1.0,0.625
W000800,0.4166666666666667,1.0,1.0,0.8666666666666667,0.7,0.5217391304347826,0.3333333333333333,1.0,0.5,0.3333333333333333,1.0,0.9166666666666666,0.6666666666666666,0.5,0.75,0.16666666666666666,0.5,0.0,0.5714285714285714,0.0,0.0,0.8571428571428571
W000802,0.21428571428571427,0.75,0.5,1.0,0.0,0.5862068965517241,0.0,0.5,0.0,0.0,0.5,0.5,0.25,0.0,0.5,0.125,0.5,0.5,0.0,0.5,0.5,1.0
W000804,0.75,0.0,1.0,0.1875,0.7,0.43478260869565216,1.0,1.0,1.0,0.6666666666666666,1.0,0.7272727272727273,0.8333333333333334,0.5,0.375,0.8333333333333334,1.0,1.0,0.8571428571428571,1.0,1.0,0.625
W000805,0.5384615384615384,0.75,0.5,1.0,0.0,0.5862068965517241,0.0,0.5,0.0,0.0,0.5,0.5,0.25,0.0,0.5,0.125,0.5,0.5,0.0,0.5,0.5,1.0
W000806,0.75,0.0,1.0,0.125,0.7777777777777778,0.4782608695652174,1.0,1.0,1.0,0.6666666666666666,0.0,0.7777777777777778,0.5,0.5,0.375,1.0,0.0,1.0,0.8333333333333334,1.0,1.0,0.5714285714285714
W000808,0.5454545454545454,1.0,1.0,0.8125,0.7,0.5294117647058824,0.0,1.0,0.5,0.3333333333333333,1.0,0.9,0.6666666666666666,0.0,0.875,0.16666666666666666,1.0,0.0,0.6666666666666666,0.5,0.0,0.875
W000809,0.75,0.0,1.0,0.1875,0.8,0.6086956521739131,1.0,1.0,1.0,1.0,1.0,0.75,0.8333333333333334,0.5,0.625,1.0,1.0,1.0,0.8571428571428571,1.0,1.0,0.625
W000812,0.75,0.3333333333333333,1.0,0.13333333333333333,0.8,0.5909090909090909,1.0,1.0,1.0,1.0,1.0,0.7272727272727273,0.8333333333333334,0.5,0.625,1.0,1.0,0.5,0.8571428571428571,0.5,1.0,0.625
W000813,0.7272727272727273,0.0,0.5,0.375,0.8571428571428571,0.5909090909090909,1.0,1.0,1.0,1.0,1.0,0.7,0.8,0.5,0.4,1.0,0.5,1.0,0.8571428571428571,1.0,1.0,0.5714285714285714
W000814,0.6363636363636364,0.0,1.0,0.21428571428571427,0.6,0.45454545454545453,1.0,0.5,1.0,0.6666666666666666,0.0,0.6363636363636364,0.6666666666666666,0.5,0.375,0.8333333333333334,0.0,1.0,0.8571428571428571,1.0,1.0,0.375
W000815,0.75,0.0,1.0,0.1875,0.7,0.5,1.0,1.0,1.0,0.6666666666666666,1.0,0.6666666666666666,0.8333333333333334,0.5,0.5,0.8333333333333334,0.0,1.0,0.8571428571428571,1.0,1.0,0.625
W000816,0.75,0.0,1.0,0.1875,0.7,0.45454545454545453,1.0,1.0,1.0,1.0,1.0,0.7272727272727273,0.8333333333333334,0.5,0.375,0.8333333333333334,0.0,1.0,0.8571428571428571,1.0,1.0,0.6666666666666666
W000817,0.07142857142857142,0.75,0.5,1.0,0.0,0.4482758620689655,0.0,0.5,0.0,0.0,0.5,0.5,0.25,0.0,0.5,0.0,0.5,0.5,0.0,0.5,0.5,1.0
W000821,0.6666666666666666,0.0,1.0,0.0,0.7,0.4,1.0,1.0,1.0,1.0,1.0,0.6363636363636364,0.8333333333333334,0.5,0.375,0.8333333333333334,0.0,1.0,0.8333333333333334,1.0,0.5,0.5714285714285714
W000822,0.4444444444444444,1.0,1.0,1.0,0.7,0.5333333333333333,0.3333333333333333,1.0,0.0,0.0,1.0,0.9,0.6666666666666666,0.5,0.875,0.16666666666666666,1.0,0.0,0.5,0.0,0.5,0.8571428571428571
W000823,1.0,0.3333333333333333,1.0,0.0,0.8333333333333334,0.4,0.5,1.0,1.0,0.5,1.0,0.6,0.8,0.5,0.8333333333333334,0.0,1.0,0.5,0.6666666666666666,0.5,0.5,0.3333333333333333
W000825,1.0,1.0,1.0,1.0,1.0,0.7,0.5,1.0,0.0,0.5,1.0,1.0,0.8,0.5,0.8333333333333334,1.0,1.0,0.5,0.6666666666666666,0.5,0.5,0.8333333333333334
W000826,1.0,1.0,1.0,1.0,1.0,0.7,0.5,1.0,0.0,0.5,1.0,1.0,0.8,0.5,0.8333333333333334,1.0,1.0,0.5,0.6666666666666666,0.5,0.5,0.8333333333333334
Y000033,0.6666666666666666,1.0,0.5,0.6,0.8,0.6666666666666666,1.0,1.0,1.0,1.0,0.0,0.7777777777777778,0.75,0.5,0.2,0.8,1.0,1.0,1.0,1.0,1.0,0.6666666666666666
Y000062,0.45454545454545453,1.0,1.0,0.8125,0.5,0.5714285714285714,0.3333333333333333,1.0,0.0,0.0,1.0,0.8571428571428571,0.6,0.5,0.8333333333333334,0.16666666666666666,1.0,0.0,0.5714285714285714,0.0,0.0,0.8571428571428571
Y000064,0.7272727272727273,1.0,0.5,0.75,0.75,0.7692307692307693,1.0,0.5,1.0,1.0,0.5,0.75,0.6666666666666666,0.5,0.0,0.75,0.5,1.0,1.0,1.0,1.0,0.5
Z000017,0.6666666666666666,1.0,0.5,0.0,0.75,0.4666666666666667,1.0,1.0,1.0,1.0,1.0,0.6363636363636364,0.8333333333333334,0.5,0.5,0.8333333333333334,0.0,1.0,0.8333333333333334,1.0,0.5,0.4
